system,local_id,entity_kind,entity_id
ticketing,TKT-00001,provider_ref,P-0079
ticketing,TKT-00002,provider_ref,P-0045
ticketing,TKT-00003,provider_ref,P-0152
ticketing,TKT-00004,provider_ref,P-0114
ticketing,TKT-00005,provider_ref,P-0001
ticketing,TKT-00006,provider_ref,P-0151
ticketing,TKT-00007,provider_ref,P-0102
ticketing,TKT-00008,provider_ref,P-0017
ticketing,TKT-00009,provider_ref,P-0001
ticketing,TKT-00010,provider_ref,P-0150
ticketing,TKT-00011,provider_ref,P-0144
ticketing,TKT-00012,provider_ref,P-0131
ticketing,TKT-00013,provider_ref,P-0044
ticketing,TKT-00014,provider_ref,P-0127
ticketing,TKT-00015,provider_ref,P-0092
ticketing,TKT-00016,provider_ref,P-0033
ticketing,TKT-00017,provider_ref,P-0029
ticketing,TKT-00018,provider_ref,P-0096
ticketing,TKT-00019,provider_ref,P-0083
ticketing,TKT-00020,provider_ref,P-0011
ticketing,TKT-00021,provider_ref,P-0077
ticketing,TKT-00022,provider_ref,P-0156
ticketing,TKT-00023,provider_ref,P-0142
ticketing,TKT-00024,provider_ref,P-0011
ticketing,TKT-00025,provider_ref,P-0029
ticketing,TKT-00026,provider_ref,P-0052
ticketing,TKT-00027,provider_ref,P-0013
ticketing,TKT-00028,provider_ref,P-0090
ticketing,TKT-00029,provider_ref,P-0005
ticketing,TKT-00030,provider_ref,P-0071
ticketing,TKT-00031,provider_ref,P-0104
ticketing,TKT-00032,provider_ref,P-0147
ticketing,TKT-00033,provider_ref,P-0063
ticketing,TKT-00034,provider_ref,P-0005
ticketing,TKT-00035,provider_ref,P-0115
ticketing,TKT-00036,provider_ref,P-0022
ticketing,TKT-00037,provider_ref,P-0068
ticketing,TKT-00038,provider_ref,P-0066
ticketing,TKT-00039,provider_ref,P-0087
ticketing,TKT-00040,provider_ref,P-0028
ticketing,TKT-00041,provider_ref,P-0023
ticketing,TKT-00042,provider_ref,P-0137
ticketing,TKT-00043,provider_ref,P-0045
ticketing,TKT-00044,provider_ref,P-0030
ticketing,TKT-00045,provider_ref,P-0041
ticketing,TKT-00046,provider_ref,P-0015
ticketing,TKT-00047,provider_ref,P-0157
ticketing,TKT-00048,provider_ref,P-0018
ticketing,TKT-00049,provider_ref,P-0116
ticketing,TKT-00050,provider_ref,P-0095
ticketing,TKT-00051,provider_ref,P-0077
ticketing,TKT-00052,provider_ref,P-0035
ticketing,TKT-00053,provider_ref,P-0134
ticketing,TKT-00054,provider_ref,P-0064
ticketing,TKT-00055,provider_ref,P-0061
ticketing,TKT-00056,provider_ref,P-0009
ticketing,TKT-00057,provider_ref,P-0067
ticketing,TKT-00058,provider_ref,P-0043
ticketing,TKT-00059,provider_ref,P-0122
ticketing,TKT-00060,provider_ref,P-0061
ticketing,TKT-00061,provider_ref,P-0089
ticketing,TKT-00062,provider_ref,P-0067
ticketing,TKT-00063,provider_ref,P-0149
ticketing,TKT-00064,provider_ref,P-0108
ticketing,TKT-00065,provider_ref,P-0160
ticketing,TKT-00066,provider_ref,P-0069
ticketing,TKT-00067,provider_ref,P-0135
ticketing,TKT-00068,provider_ref,P-0060
ticketing,TKT-00069,provider_ref,P-0057
ticketing,TKT-00070,provider_ref,P-0025
ticketing,TKT-00071,provider_ref,P-0048
ticketing,TKT-00072,provider_ref,P-0046
ticketing,TKT-00073,provider_ref,P-0012
ticketing,TKT-00074,provider_ref,P-0052
ticketing,TKT-00075,provider_ref,P-0133
ticketing,TKT-00076,provider_ref,P-0028
ticketing,TKT-00077,provider_ref,P-0126
ticketing,TKT-00078,provider_ref,P-0158
ticketing,TKT-00079,provider_ref,P-0079
ticketing,TKT-00080,provider_ref,P-0148
ticketing,TKT-00081,provider_ref,P-0128
ticketing,TKT-00082,provider_ref,P-0105
ticketing,TKT-00083,provider_ref,P-0050
ticketing,TKT-00084,provider_ref,P-0072
ticketing,TKT-00085,provider_ref,P-0024
ticketing,TKT-00086,provider_ref,P-0069
ticketing,TKT-00087,provider_ref,P-0139
ticketing,TKT-00088,provider_ref,P-0118
ticketing,TKT-00089,provider_ref,P-0154
ticketing,TKT-00090,provider_ref,P-0111
ticketing,TKT-00091,provider_ref,P-0057
ticketing,TKT-00092,provider_ref,P-0128
ticketing,TKT-00093,provider_ref,P-0008
ticketing,TKT-00094,provider_ref,P-0016
ticketing,TKT-00095,provider_ref,P-0145
ticketing,TKT-00096,provider_ref,P-0159
ticketing,TKT-00097,provider_ref,P-0076
ticketing,TKT-00098,provider_ref,P-0019
ticketing,TKT-00099,provider_ref,P-0133
ticketing,TKT-00100,provider_ref,P-0135
ticketing,TKT-00101,provider_ref,P-0078
ticketing,TKT-00102,provider_ref,P-0137
ticketing,TKT-00103,provider_ref,P-0010
ticketing,TKT-00104,provider_ref,P-0084
ticketing,TKT-00105,provider_ref,P-0132
ticketing,TKT-00106,provider_ref,P-0059
ticketing,TKT-00107,provider_ref,P-0094
ticketing,TKT-00108,provider_ref,P-0078
ticketing,TKT-00109,provider_ref,P-0140
ticketing,TKT-00110,provider_ref,P-0012
ticketing,TKT-00111,provider_ref,P-0054
ticketing,TKT-00112,provider_ref,P-0154
ticketing,TKT-00113,provider_ref,P-0099
ticketing,TKT-00114,provider_ref,P-0056
ticketing,TKT-00115,provider_ref,P-0121
ticketing,TKT-00116,provider_ref,P-0054
ticketing,TKT-00117,provider_ref,P-0048
ticketing,TKT-00118,provider_ref,P-0074
ticketing,TKT-00119,provider_ref,P-0066
ticketing,TKT-00120,provider_ref,P-0143
ticketing,TKT-00121,provider_ref,P-0141
ticketing,TKT-00122,provider_ref,P-0101
ticketing,TKT-00123,provider_ref,P-0124
ticketing,TKT-00124,provider_ref,P-0027
ticketing,TKT-00125,provider_ref,P-0059
ticketing,TKT-00126,provider_ref,P-0024
ticketing,TKT-00127,provider_ref,P-0086
ticketing,TKT-00128,provider_ref,P-0156
ticketing,TKT-00129,provider_ref,P-0136
ticketing,TKT-00130,provider_ref,P-0014
ticketing,TKT-00131,provider_ref,P-0051
ticketing,TKT-00132,provider_ref,P-0075
ticketing,TKT-00133,provider_ref,P-0145
ticketing,TKT-00134,provider_ref,P-0037
ticketing,TKT-00135,provider_ref,P-0107
ticketing,TKT-00136,provider_ref,P-0083
ticketing,TKT-00137,provider_ref,P-0095
ticketing,TKT-00138,provider_ref,P-0085
ticketing,TKT-00139,provider_ref,P-0046
ticketing,TKT-00140,provider_ref,P-0117
ticketing,TKT-00141,provider_ref,P-0063
ticketing,TKT-00142,provider_ref,P-0018
ticketing,TKT-00143,provider_ref,P-0047
ticketing,TKT-00144,provider_ref,P-0149
ticketing,TKT-00145,provider_ref,P-0038
ticketing,TKT-00146,provider_ref,P-0103
ticketing,TKT-00147,provider_ref,P-0033
ticketing,TKT-00148,provider_ref,P-0086
ticketing,TKT-00149,provider_ref,P-0119
ticketing,TKT-00150,provider_ref,P-0065
ticketing,TKT-00151,provider_ref,P-0155
ticketing,TKT-00152,provider_ref,P-0134
ticketing,TKT-00153,provider_ref,P-0070
ticketing,TKT-00154,provider_ref,P-0119
ticketing,TKT-00155,provider_ref,P-0146
ticketing,TKT-00156,provider_ref,P-0031
ticketing,TKT-00157,provider_ref,P-0006
ticketing,TKT-00158,provider_ref,P-0129
ticketing,TKT-00159,provider_ref,P-0036
ticketing,TKT-00160,provider_ref,P-0100
ticketing,TKT-00161,provider_ref,P-0118
ticketing,TKT-00162,provider_ref,P-0116
ticketing,TKT-00163,provider_ref,P-0125
ticketing,TKT-00164,provider_ref,P-0040
ticketing,TKT-00165,provider_ref,P-0053
ticketing,TKT-00166,provider_ref,P-0023
ticketing,TKT-00167,provider_ref,P-0042
ticketing,TKT-00168,provider_ref,P-0058
ticketing,TKT-00169,provider_ref,P-0157
ticketing,TKT-00170,provider_ref,P-0020
ticketing,TKT-00171,provider_ref,P-0153
ticketing,TKT-00172,provider_ref,P-0035
ticketing,TKT-00173,provider_ref,P-0144
ticketing,TKT-00174,provider_ref,P-0090
ticketing,TKT-00175,provider_ref,P-0112
ticketing,TKT-00176,provider_ref,P-0097
ticketing,TKT-00177,provider_ref,P-0091
ticketing,TKT-00178,provider_ref,P-0039
ticketing,TKT-00179,provider_ref,P-0123
ticketing,TKT-00180,provider_ref,P-0002
ticketing,TKT-00181,provider_ref,P-0047
ticketing,TKT-00182,provider_ref,P-0131
ticketing,TKT-00183,provider_ref,P-0142
ticketing,TKT-00184,provider_ref,P-0080
ticketing,TKT-00185,provider_ref,P-0140
ticketing,TKT-00186,provider_ref,P-0007
ticketing,TKT-00187,provider_ref,P-0111
ticketing,TKT-00188,provider_ref,P-0021
ticketing,TKT-00189,provider_ref,P-0081
ticketing,TKT-00190,provider_ref,P-0110
ticketing,TKT-00191,provider_ref,P-0112
ticketing,TKT-00192,provider_ref,P-0159
ticketing,TKT-00193,provider_ref,P-0117
ticketing,TKT-00194,provider_ref,P-0080
ticketing,TKT-00195,provider_ref,P-0014
ticketing,TKT-00196,provider_ref,P-0032
ticketing,TKT-00197,provider_ref,P-0025
ticketing,TKT-00198,provider_ref,P-0130
ticketing,TKT-00199,provider_ref,P-0039
ticketing,TKT-00200,provider_ref,P-0082
ticketing,TKT-00201,provider_ref,P-0113
ticketing,TKT-00202,provider_ref,P-0056
ticketing,TKT-00203,provider_ref,P-0101
ticketing,TKT-00204,provider_ref,P-0093
ticketing,TKT-00205,provider_ref,P-0013
ticketing,TKT-00206,provider_ref,P-0113
ticketing,TKT-00207,provider_ref,P-0123
ticketing,TKT-00208,provider_ref,P-0093
ticketing,TKT-00209,provider_ref,P-0120
ticketing,TKT-00210,provider_ref,P-0034
ticketing,TKT-00211,provider_ref,P-0091
ticketing,TKT-00212,provider_ref,P-0098
ticketing,TKT-00213,provider_ref,P-0100
ticketing,TKT-00214,provider_ref,P-0152
ticketing,TKT-00215,provider_ref,P-0073
ticketing,TKT-00216,provider_ref,P-0088
ticketing,TKT-00217,provider_ref,P-0109
ticketing,TKT-00218,provider_ref,P-0049
ticketing,TKT-00219,provider_ref,P-0041
ticketing,TKT-00220,provider_ref,P-0138
ticketing,TKT-00221,provider_ref,P-0143
ticketing,TKT-00222,provider_ref,P-0074
ticketing,TKT-00223,provider_ref,P-0004
ticketing,TKT-00224,provider_ref,P-0106
ticketing,TKT-00225,provider_ref,P-0081
ticketing,TKT-00226,provider_ref,P-0037
ticketing,TKT-00227,provider_ref,P-0008
ticketing,TKT-00228,provider_ref,P-0055
ticketing,TKT-00229,provider_ref,P-0062
ticketing,TKT-00230,provider_ref,P-0019
ticketing,TKT-00231,provider_ref,P-0010
ticketing,TKT-00232,provider_ref,P-0031
ticketing,TKT-00233,provider_ref,P-0064
ticketing,TKT-00234,provider_ref,P-0026
ticketing,TKT-00235,provider_ref,P-0126
ticketing,TKT-00236,provider_ref,P-0002
ticketing,TKT-00237,provider_ref,P-0139
ticketing,TKT-00238,provider_ref,P-0003
ticketing,TKT-00239,provider_ref,P-0044
ticketing,TKT-00240,provider_ref,P-0124
ticketing,TKT-00241,provider_ref,P-0055
ticketing,TKT-00242,provider_ref,P-0130
ticketing,TKT-00243,provider_ref,P-0132
ticketing,TKT-00244,provider_ref,P-0003
ticketing,TKT-00245,provider_ref,P-0089
ticketing,TKT-00246,provider_ref,P-0062
ticketing,TKT-00247,provider_ref,P-0141
ticketing,TKT-00248,provider_ref,P-0160
ticketing,TKT-00249,provider_ref,P-0135
ticketing,TKT-00250,provider_ref,P-0143
ticketing,TKT-00251,provider_ref,P-0121
ticketing,TKT-00252,provider_ref,P-0059
ticketing,TKT-00253,provider_ref,P-0086
ticketing,TKT-00254,provider_ref,P-0111
ticketing,TKT-00255,provider_ref,P-0050
ticketing,TKT-00256,provider_ref,P-0128
ticketing,TKT-00257,provider_ref,P-0019
ticketing,TKT-00258,provider_ref,P-0153
ticketing,TKT-00259,provider_ref,P-0032
ticketing,TKT-00260,provider_ref,P-0017
ticketing,TKT-00261,provider_ref,P-0104
ticketing,TKT-00262,provider_ref,P-0018
ticketing,TKT-00263,provider_ref,P-0021
ticketing,TKT-00264,provider_ref,P-0114
ticketing,TKT-00265,provider_ref,P-0008
ticketing,TKT-00266,provider_ref,P-0004
ticketing,TKT-00267,provider_ref,P-0100
ticketing,TKT-00268,provider_ref,P-0124
ticketing,TKT-00269,provider_ref,P-0097
ticketing,TKT-00270,provider_ref,P-0048
ticketing,TKT-00271,provider_ref,P-0054
ticketing,TKT-00272,provider_ref,P-0120
ticketing,TKT-00273,provider_ref,P-0087
ticketing,TKT-00274,provider_ref,P-0028
ticketing,TKT-00275,provider_ref,P-0047
ticketing,TKT-00276,provider_ref,P-0103
ticketing,TKT-00277,provider_ref,P-0138
ticketing,TKT-00278,provider_ref,P-0024
ticketing,TKT-00279,provider_ref,P-0105
ticketing,TKT-00280,provider_ref,P-0092
ticketing,TKT-00281,provider_ref,P-0035
ticketing,TKT-00282,provider_ref,P-0101
ticketing,TKT-00283,provider_ref,P-0058
ticketing,TKT-00284,provider_ref,P-0004
ticketing,TKT-00285,provider_ref,P-0076
ticketing,TKT-00286,provider_ref,P-0143
ticketing,TKT-00287,provider_ref,P-0116
ticketing,TKT-00288,provider_ref,P-0139
ticketing,TKT-00289,provider_ref,P-0123
ticketing,TKT-00290,provider_ref,P-0011
ticketing,TKT-00291,provider_ref,P-0135
ticketing,TKT-00292,provider_ref,P-0128
ticketing,TKT-00293,provider_ref,P-0019
ticketing,TKT-00294,provider_ref,P-0126
ticketing,TKT-00295,provider_ref,P-0070
ticketing,TKT-00296,provider_ref,P-0134
ticketing,TKT-00297,provider_ref,P-0106
ticketing,TKT-00298,provider_ref,P-0030
ticketing,TKT-00299,provider_ref,P-0092
ticketing,TKT-00300,provider_ref,P-0093
ticketing,TKT-00301,provider_ref,P-0088
ticketing,TKT-00302,provider_ref,P-0137
ticketing,TKT-00303,provider_ref,P-0081
ticketing,TKT-00304,provider_ref,P-0017
ticketing,TKT-00305,provider_ref,P-0053
ticketing,TKT-00306,provider_ref,P-0098
ticketing,TKT-00307,provider_ref,P-0145
ticketing,TKT-00308,provider_ref,P-0015
ticketing,TKT-00309,provider_ref,P-0050
ticketing,TKT-00310,provider_ref,P-0084
ticketing,TKT-00311,provider_ref,P-0055
ticketing,TKT-00312,provider_ref,P-0091
ticketing,TKT-00313,provider_ref,P-0147
ticketing,TKT-00314,provider_ref,P-0131
ticketing,TKT-00315,provider_ref,P-0082
ticketing,TKT-00316,provider_ref,P-0083
ticketing,TKT-00317,provider_ref,P-0107
ticketing,TKT-00318,provider_ref,P-0141
ticketing,TKT-00319,provider_ref,P-0160
ticketing,TKT-00320,provider_ref,P-0060
ticketing,TKT-00321,provider_ref,P-0119
ticketing,TKT-00322,provider_ref,P-0066
ticketing,TKT-00323,provider_ref,P-0125
ticketing,TKT-00324,provider_ref,P-0013
ticketing,TKT-00325,provider_ref,P-0122
ticketing,TKT-00326,provider_ref,P-0051
ticketing,TKT-00327,provider_ref,P-0009
ticketing,TKT-00328,provider_ref,P-0045
ticketing,TKT-00329,provider_ref,P-0099
ticketing,TKT-00330,provider_ref,P-0085
ticketing,TKT-00331,provider_ref,P-0156
ticketing,TKT-00332,provider_ref,P-0001
ticketing,TKT-00333,provider_ref,P-0141
ticketing,TKT-00334,provider_ref,P-0126
ticketing,TKT-00335,provider_ref,P-0108
ticketing,TKT-00336,provider_ref,P-0140
ticketing,TKT-00337,provider_ref,P-0130
ticketing,TKT-00338,provider_ref,P-0112
ticketing,TKT-00339,provider_ref,P-0119
ticketing,TKT-00340,provider_ref,P-0046
ticketing,TKT-00341,provider_ref,P-0095
ticketing,TKT-00342,provider_ref,P-0098
ticketing,TKT-00343,provider_ref,P-0140
ticketing,TKT-00344,provider_ref,P-0101
ticketing,TKT-00345,provider_ref,P-0007
ticketing,TKT-00346,provider_ref,P-0030
ticketing,TKT-00347,provider_ref,P-0061
ticketing,TKT-00348,provider_ref,P-0074
ticketing,TKT-00349,provider_ref,P-0150
ticketing,TKT-00350,provider_ref,P-0020
ticketing,TKT-00351,provider_ref,P-0151
ticketing,TKT-00352,provider_ref,P-0063
ticketing,TKT-00353,provider_ref,P-0072
ticketing,TKT-00354,provider_ref,P-0080
ticketing,TKT-00355,provider_ref,P-0015
ticketing,TKT-00356,provider_ref,P-0025
ticketing,TKT-00357,provider_ref,P-0083
ticketing,TKT-00358,provider_ref,P-0102
ticketing,TKT-00359,provider_ref,P-0134
ticketing,TKT-00360,provider_ref,P-0114
ticketing,TKT-00361,provider_ref,P-0145
ticketing,TKT-00362,provider_ref,P-0113
ticketing,TKT-00363,provider_ref,P-0032
ticketing,TKT-00364,provider_ref,P-0005
ticketing,TKT-00365,provider_ref,P-0157
ticketing,TKT-00366,provider_ref,P-0006
ticketing,TKT-00367,provider_ref,P-0026
ticketing,TKT-00368,provider_ref,P-0075
ticketing,TKT-00369,provider_ref,P-0087
ticketing,TKT-00370,provider_ref,P-0097
ticketing,TKT-00371,provider_ref,P-0133
ticketing,TKT-00372,provider_ref,P-0067
ticketing,TKT-00373,provider_ref,P-0106
ticketing,TKT-00374,provider_ref,P-0084
ticketing,TKT-00375,provider_ref,P-0049
ticketing,TKT-00376,provider_ref,P-0158
ticketing,TKT-00377,provider_ref,P-0010
ticketing,TKT-00378,provider_ref,P-0037
ticketing,TKT-00379,provider_ref,P-0153
ticketing,TKT-00380,provider_ref,P-0132
ticketing,TKT-00381,provider_ref,P-0144
ticketing,TKT-00382,provider_ref,P-0088
ticketing,TKT-00383,provider_ref,P-0071
ticketing,TKT-00384,provider_ref,P-0144
ticketing,TKT-00385,provider_ref,P-0096
ticketing,TKT-00386,provider_ref,P-0064
ticketing,TKT-00387,provider_ref,P-0040
ticketing,TKT-00388,provider_ref,P-0043
ticketing,TKT-00389,provider_ref,P-0006
ticketing,TKT-00390,provider_ref,P-0041
ticketing,TKT-00391,provider_ref,P-0034
ticketing,TKT-00392,provider_ref,P-0136
ticketing,TKT-00393,provider_ref,P-0014
ticketing,TKT-00394,provider_ref,P-0124
ticketing,TKT-00395,provider_ref,P-0076
ticketing,TKT-00396,provider_ref,P-0117
ticketing,TKT-00397,provider_ref,P-0035
ticketing,TKT-00398,provider_ref,P-0056
ticketing,TKT-00399,provider_ref,P-0057
ticketing,TKT-00400,provider_ref,P-0027
ticketing,TKT-00401,provider_ref,P-0048
ticketing,TKT-00402,provider_ref,P-0033
ticketing,TKT-00403,provider_ref,P-0002
ticketing,TKT-00404,provider_ref,P-0090
ticketing,TKT-00405,provider_ref,P-0127
ticketing,TKT-00406,provider_ref,P-0046
ticketing,TKT-00407,provider_ref,P-0118
ticketing,TKT-00408,provider_ref,P-0102
ticketing,TKT-00409,provider_ref,P-0055
ticketing,TKT-00410,provider_ref,P-0159
ticketing,TKT-00411,provider_ref,P-0129
ticketing,TKT-00412,provider_ref,P-0036
ticketing,TKT-00413,provider_ref,P-0158
ticketing,TKT-00414,provider_ref,P-0155
ticketing,TKT-00415,provider_ref,P-0115
ticketing,TKT-00416,provider_ref,P-0094
ticketing,TKT-00417,provider_ref,P-0071
ticketing,TKT-00418,provider_ref,P-0002
ticketing,TKT-00419,provider_ref,P-0080
ticketing,TKT-00420,provider_ref,P-0148
ticketing,TKT-00421,provider_ref,P-0052
ticketing,TKT-00422,provider_ref,P-0130
ticketing,TKT-00423,provider_ref,P-0053
ticketing,TKT-00424,provider_ref,P-0039
ticketing,TKT-00425,provider_ref,P-0029
ticketing,TKT-00426,provider_ref,P-0152
ticketing,TKT-00427,provider_ref,P-0021
ticketing,TKT-00428,provider_ref,P-0082
ticketing,TKT-00429,provider_ref,P-0068
ticketing,TKT-00430,provider_ref,P-0003
ticketing,TKT-00431,provider_ref,P-0012
ticketing,TKT-00432,provider_ref,P-0110
ticketing,TKT-00433,provider_ref,P-0077
ticketing,TKT-00434,provider_ref,P-0069
ticketing,TKT-00435,provider_ref,P-0044
ticketing,TKT-00436,provider_ref,P-0149
ticketing,TKT-00437,provider_ref,P-0001
ticketing,TKT-00438,provider_ref,P-0051
ticketing,TKT-00439,provider_ref,P-0008
ticketing,TKT-00440,provider_ref,P-0103
ticketing,TKT-00441,provider_ref,P-0122
ticketing,TKT-00442,provider_ref,P-0031
ticketing,TKT-00443,provider_ref,P-0059
ticketing,TKT-00444,provider_ref,P-0022
ticketing,TKT-00445,provider_ref,P-0067
ticketing,TKT-00446,provider_ref,P-0038
ticketing,TKT-00447,provider_ref,P-0110
ticketing,TKT-00448,provider_ref,P-0109
ticketing,TKT-00449,provider_ref,P-0062
ticketing,TKT-00450,provider_ref,P-0146
ticketing,TKT-00451,provider_ref,P-0089
ticketing,TKT-00452,provider_ref,P-0142
ticketing,TKT-00453,provider_ref,P-0020
ticketing,TKT-00454,provider_ref,P-0061
ticketing,TKT-00455,provider_ref,P-0099
ticketing,TKT-00456,provider_ref,P-0073
ticketing,TKT-00457,provider_ref,P-0078
ticketing,TKT-00458,provider_ref,P-0065
ticketing,TKT-00459,provider_ref,P-0123
ticketing,TKT-00460,provider_ref,P-0042
ticketing,TKT-00461,provider_ref,P-0132
ticketing,TKT-00462,provider_ref,P-0104
ticketing,TKT-00463,provider_ref,P-0009
ticketing,TKT-00464,provider_ref,P-0108
ticketing,TKT-00465,provider_ref,P-0154
ticketing,TKT-00466,provider_ref,P-0157
ticketing,TKT-00467,provider_ref,P-0091
ticketing,TKT-00468,provider_ref,P-0033
ticketing,TKT-00469,provider_ref,P-0023
ticketing,TKT-00470,provider_ref,P-0142
ticketing,TKT-00471,provider_ref,P-0094
ticketing,TKT-00472,provider_ref,P-0070
ticketing,TKT-00473,provider_ref,P-0156
ticketing,TKT-00474,provider_ref,P-0068
ticketing,TKT-00475,provider_ref,P-0065
ticketing,TKT-00476,provider_ref,P-0115
ticketing,TKT-00477,provider_ref,P-0016
ticketing,TKT-00478,provider_ref,P-0045
ticketing,TKT-00479,provider_ref,P-0014
ticketing,TKT-00480,provider_ref,P-0086
ticketing,TKT-00481,provider_ref,P-0079
ticketing,TKT-00482,provider_ref,P-0033
ticketing,TKT-00483,provider_ref,P-0010
ticketing,TKT-00484,provider_ref,P-0112
ticketing,TKT-00485,provider_ref,P-0070
ticketing,TKT-00486,provider_ref,P-0055
ticketing,TKT-00487,provider_ref,P-0147
ticketing,TKT-00488,provider_ref,P-0086
ticketing,TKT-00489,provider_ref,P-0008
ticketing,TKT-00490,provider_ref,P-0109
ticketing,TKT-00491,provider_ref,P-0053
ticketing,TKT-00492,provider_ref,P-0067
ticketing,TKT-00493,provider_ref,P-0148
ticketing,TKT-00494,provider_ref,P-0009
ticketing,TKT-00495,provider_ref,P-0091
ticketing,TKT-00496,provider_ref,P-0152
ticketing,TKT-00497,provider_ref,P-0013
ticketing,TKT-00498,provider_ref,P-0025
ticketing,TKT-00499,provider_ref,P-0028
ticketing,TKT-00500,provider_ref,P-0102
ticketing,TKT-00501,provider_ref,P-0085
ticketing,TKT-00502,provider_ref,P-0063
ticketing,TKT-00503,provider_ref,P-0110
ticketing,TKT-00504,provider_ref,P-0131
ticketing,TKT-00505,provider_ref,P-0077
ticketing,TKT-00506,provider_ref,P-0129
ticketing,TKT-00507,provider_ref,P-0001
ticketing,TKT-00508,provider_ref,P-0055
ticketing,TKT-00509,provider_ref,P-0048
ticketing,TKT-00510,provider_ref,P-0140
ticketing,TKT-00511,provider_ref,P-0121
ticketing,TKT-00512,provider_ref,P-0073
ticketing,TKT-00513,provider_ref,P-0001
ticketing,TKT-00514,provider_ref,P-0074
ticketing,TKT-00515,provider_ref,P-0057
ticketing,TKT-00516,provider_ref,P-0097
ticketing,TKT-00517,provider_ref,P-0155
ticketing,TKT-00518,provider_ref,P-0087
ticketing,TKT-00519,provider_ref,P-0139
ticketing,TKT-00520,provider_ref,P-0030
ticketing,TKT-00521,provider_ref,P-0079
ticketing,TKT-00522,provider_ref,P-0124
ticketing,TKT-00523,provider_ref,P-0002
ticketing,TKT-00524,provider_ref,P-0159
ticketing,TKT-00525,provider_ref,P-0068
ticketing,TKT-00526,provider_ref,P-0078
ticketing,TKT-00527,provider_ref,P-0012
ticketing,TKT-00528,provider_ref,P-0023
ticketing,TKT-00529,provider_ref,P-0026
ticketing,TKT-00530,provider_ref,P-0041
ticketing,TKT-00531,provider_ref,P-0120
ticketing,TKT-00532,provider_ref,P-0031
ticketing,TKT-00533,provider_ref,P-0102
ticketing,TKT-00534,provider_ref,P-0081
ticketing,TKT-00535,provider_ref,P-0092
ticketing,TKT-00536,provider_ref,P-0043
ticketing,TKT-00537,provider_ref,P-0122
ticketing,TKT-00538,provider_ref,P-0132
ticketing,TKT-00539,provider_ref,P-0079
ticketing,TKT-00540,provider_ref,P-0153
ticketing,TKT-00541,provider_ref,P-0113
ticketing,TKT-00542,provider_ref,P-0114
ticketing,TKT-00543,provider_ref,P-0013
ticketing,TKT-00544,provider_ref,P-0123
ticketing,TKT-00545,provider_ref,P-0007
ticketing,TKT-00546,provider_ref,P-0149
ticketing,TKT-00547,provider_ref,P-0146
ticketing,TKT-00548,provider_ref,P-0075
ticketing,TKT-00549,provider_ref,P-0002
ticketing,TKT-00550,provider_ref,P-0003
ticketing,TKT-00551,provider_ref,P-0022
ticketing,TKT-00552,provider_ref,P-0142
ticketing,TKT-00553,provider_ref,P-0115
ticketing,TKT-00554,provider_ref,P-0053
ticketing,TKT-00555,provider_ref,P-0082
ticketing,TKT-00556,provider_ref,P-0128
ticketing,TKT-00557,provider_ref,P-0035
ticketing,TKT-00558,provider_ref,P-0080
ticketing,TKT-00559,provider_ref,P-0145
ticketing,TKT-00560,provider_ref,P-0050
ticketing,TKT-00561,provider_ref,P-0105
ticketing,TKT-00562,provider_ref,P-0048
ticketing,TKT-00563,provider_ref,P-0135
ticketing,TKT-00564,provider_ref,P-0099
ticketing,TKT-00565,provider_ref,P-0063
ticketing,TKT-00566,provider_ref,P-0057
ticketing,TKT-00567,provider_ref,P-0117
ticketing,TKT-00568,provider_ref,P-0034
ticketing,TKT-00569,provider_ref,P-0043
ticketing,TKT-00570,provider_ref,P-0126
ticketing,TKT-00571,provider_ref,P-0060
ticketing,TKT-00572,provider_ref,P-0035
ticketing,TKT-00573,provider_ref,P-0005
ticketing,TKT-00574,provider_ref,P-0151
ticketing,TKT-00575,provider_ref,P-0111
ticketing,TKT-00576,provider_ref,P-0042
ticketing,TKT-00577,provider_ref,P-0151
ticketing,TKT-00578,provider_ref,P-0065
ticketing,TKT-00579,provider_ref,P-0017
ticketing,TKT-00580,provider_ref,P-0044
ticketing,TKT-00581,provider_ref,P-0032
ticketing,TKT-00582,provider_ref,P-0122
ticketing,TKT-00583,provider_ref,P-0127
ticketing,TKT-00584,provider_ref,P-0091
ticketing,TKT-00585,provider_ref,P-0098
ticketing,TKT-00586,provider_ref,P-0095
ticketing,TKT-00587,provider_ref,P-0039
ticketing,TKT-00588,provider_ref,P-0072
ticketing,TKT-00589,provider_ref,P-0153
ticketing,TKT-00590,provider_ref,P-0156
ticketing,TKT-00591,provider_ref,P-0027
ticketing,TKT-00592,provider_ref,P-0131
ticketing,TKT-00593,provider_ref,P-0109
ticketing,TKT-00594,provider_ref,P-0149
ticketing,TKT-00595,provider_ref,P-0026
ticketing,TKT-00596,provider_ref,P-0006
ticketing,TKT-00597,provider_ref,P-0136
ticketing,TKT-00598,provider_ref,P-0045
ticketing,TKT-00599,provider_ref,P-0090
ticketing,TKT-00600,provider_ref,P-0071
ticketing,TKT-00601,provider_ref,P-0076
ticketing,TKT-00602,provider_ref,P-0081
ticketing,TKT-00603,provider_ref,P-0031
ticketing,TKT-00604,provider_ref,P-0042
ticketing,TKT-00605,provider_ref,P-0080
ticketing,TKT-00606,provider_ref,P-0040
ticketing,TKT-00607,provider_ref,P-0123
ticketing,TKT-00608,provider_ref,P-0104
ticketing,TKT-00609,provider_ref,P-0103
ticketing,TKT-00610,provider_ref,P-0144
ticketing,TKT-00611,provider_ref,P-0061
ticketing,TKT-00612,provider_ref,P-0029
ticketing,TKT-00613,provider_ref,P-0113
ticketing,TKT-00614,provider_ref,P-0090
ticketing,TKT-00615,provider_ref,P-0160
ticketing,TKT-00616,provider_ref,P-0099
ticketing,TKT-00617,provider_ref,P-0108
ticketing,TKT-00618,provider_ref,P-0074
ticketing,TKT-00619,provider_ref,P-0093
ticketing,TKT-00620,provider_ref,P-0111
ticketing,TKT-00621,provider_ref,P-0143
ticketing,TKT-00622,provider_ref,P-0145
ticketing,TKT-00623,provider_ref,P-0137
ticketing,TKT-00624,provider_ref,P-0095
ticketing,TKT-00625,provider_ref,P-0106
ticketing,TKT-00626,provider_ref,P-0064
ticketing,TKT-00627,provider_ref,P-0135
ticketing,TKT-00628,provider_ref,P-0141
ticketing,TKT-00629,provider_ref,P-0049
ticketing,TKT-00630,provider_ref,P-0157
ticketing,TKT-00631,provider_ref,P-0076
ticketing,TKT-00632,provider_ref,P-0070
ticketing,TKT-00633,provider_ref,P-0087
ticketing,TKT-00634,provider_ref,P-0037
ticketing,TKT-00635,provider_ref,P-0154
ticketing,TKT-00636,provider_ref,P-0140
ticketing,TKT-00637,provider_ref,P-0100
ticketing,TKT-00638,provider_ref,P-0093
ticketing,TKT-00639,provider_ref,P-0016
ticketing,TKT-00640,provider_ref,P-0033
ticketing,TKT-00641,provider_ref,P-0066
ticketing,TKT-00642,provider_ref,P-0015
ticketing,TKT-00643,provider_ref,P-0067
ticketing,TKT-00644,provider_ref,P-0092
ticketing,TKT-00645,provider_ref,P-0047
ticketing,TKT-00646,provider_ref,P-0084
ticketing,TKT-00647,provider_ref,P-0082
ticketing,TKT-00648,provider_ref,P-0045
ticketing,TKT-00649,provider_ref,P-0039
ticketing,TKT-00650,provider_ref,P-0014
ticketing,TKT-00651,provider_ref,P-0056
ticketing,TKT-00652,provider_ref,P-0094
ticketing,TKT-00653,provider_ref,P-0038
ticketing,TKT-00654,provider_ref,P-0083
ticketing,TKT-00655,provider_ref,P-0004
ticketing,TKT-00656,provider_ref,P-0105
ticketing,TKT-00657,provider_ref,P-0059
ticketing,TKT-00658,provider_ref,P-0036
ticketing,TKT-00659,provider_ref,P-0062
ticketing,TKT-00660,provider_ref,P-0012
ticketing,TKT-00661,provider_ref,P-0138
ticketing,TKT-00662,provider_ref,P-0124
ticketing,TKT-00663,provider_ref,P-0119
ticketing,TKT-00664,provider_ref,P-0068
ticketing,TKT-00665,provider_ref,P-0121
ticketing,TKT-00666,provider_ref,P-0096
ticketing,TKT-00667,provider_ref,P-0133
ticketing,TKT-00668,provider_ref,P-0029
ticketing,TKT-00669,provider_ref,P-0158
ticketing,TKT-00670,provider_ref,P-0024
ticketing,TKT-00671,provider_ref,P-0101
ticketing,TKT-00672,provider_ref,P-0019
ticketing,TKT-00673,provider_ref,P-0021
ticketing,TKT-00674,provider_ref,P-0143
ticketing,TKT-00675,provider_ref,P-0083
ticketing,TKT-00676,provider_ref,P-0127
ticketing,TKT-00677,provider_ref,P-0011
ticketing,TKT-00678,provider_ref,P-0125
ticketing,TKT-00679,provider_ref,P-0020
ticketing,TKT-00680,provider_ref,P-0069
ticketing,TKT-00681,provider_ref,P-0089
ticketing,TKT-00682,provider_ref,P-0160
ticketing,TKT-00683,provider_ref,P-0052
ticketing,TKT-00684,provider_ref,P-0116
ticketing,TKT-00685,provider_ref,P-0025
ticketing,TKT-00686,provider_ref,P-0054
ticketing,TKT-00687,provider_ref,P-0150
ticketing,TKT-00688,provider_ref,P-0150
ticketing,TKT-00689,provider_ref,P-0008
ticketing,TKT-00690,provider_ref,P-0027
ticketing,TKT-00691,provider_ref,P-0046
ticketing,TKT-00692,provider_ref,P-0107
ticketing,TKT-00693,provider_ref,P-0062
ticketing,TKT-00694,provider_ref,P-0040
ticketing,TKT-00695,provider_ref,P-0128
ticketing,TKT-00696,provider_ref,P-0142
ticketing,TKT-00697,provider_ref,P-0129
ticketing,TKT-00698,provider_ref,P-0094
ticketing,TKT-00699,provider_ref,P-0059
ticketing,TKT-00700,provider_ref,P-0018
ticketing,TKT-00701,provider_ref,P-0104
ticketing,TKT-00702,provider_ref,P-0157
ticketing,TKT-00703,provider_ref,P-0088
ticketing,TKT-00704,provider_ref,P-0120
ticketing,TKT-00705,provider_ref,P-0006
ticketing,TKT-00706,provider_ref,P-0117
ticketing,TKT-00707,provider_ref,P-0134
ticketing,TKT-00708,provider_ref,P-0037
ticketing,TKT-00709,provider_ref,P-0106
ticketing,TKT-00710,provider_ref,P-0021
ticketing,TKT-00711,provider_ref,P-0089
ticketing,TKT-00712,provider_ref,P-0038
ticketing,TKT-00713,provider_ref,P-0133
ticketing,TKT-00714,provider_ref,P-0058
ticketing,TKT-00715,provider_ref,P-0047
ticketing,TKT-00716,provider_ref,P-0050
ticketing,TKT-00717,provider_ref,P-0119
ticketing,TKT-00718,provider_ref,P-0051
ticketing,TKT-00719,provider_ref,P-0118
ticketing,TKT-00720,provider_ref,P-0130
ticketing,TKT-00721,provider_ref,P-0077
ticketing,TKT-00722,provider_ref,P-0054
ticketing,TKT-00723,provider_ref,P-0038
ticketing,TKT-00724,provider_ref,P-0036
ticketing,TKT-00725,provider_ref,P-0160
ticketing,TKT-00726,provider_ref,P-0089
ticketing,TKT-00727,provider_ref,P-0094
ticketing,TKT-00728,provider_ref,P-0129
ticketing,TKT-00729,provider_ref,P-0100
ticketing,TKT-00730,provider_ref,P-0065
ticketing,TKT-00731,provider_ref,P-0033
ticketing,TKT-00732,provider_ref,P-0074
ticketing,TKT-00733,provider_ref,P-0117
ticketing,TKT-00734,provider_ref,P-0127
ticketing,TKT-00735,provider_ref,P-0037
ticketing,TKT-00736,provider_ref,P-0140
ticketing,TKT-00737,provider_ref,P-0042
ticketing,TKT-00738,provider_ref,P-0111
ticketing,TKT-00739,provider_ref,P-0070
ticketing,TKT-00740,provider_ref,P-0132
ticketing,TKT-00741,provider_ref,P-0095
ticketing,TKT-00742,provider_ref,P-0057
ticketing,TKT-00743,provider_ref,P-0093
ticketing,TKT-00744,provider_ref,P-0144
ticketing,TKT-00745,provider_ref,P-0046
ticketing,TKT-00746,provider_ref,P-0144
ticketing,TKT-00747,provider_ref,P-0010
ticketing,TKT-00748,provider_ref,P-0001
ticketing,TKT-00749,provider_ref,P-0003
ticketing,TKT-00750,provider_ref,P-0142
ticketing,TKT-00751,provider_ref,P-0149
ticketing,TKT-00752,provider_ref,P-0102
ticketing,TKT-00753,provider_ref,P-0077
ticketing,TKT-00754,provider_ref,P-0137
ticketing,TKT-00755,provider_ref,P-0106
ticketing,TKT-00756,provider_ref,P-0085
ticketing,TKT-00757,provider_ref,P-0040
ticketing,TKT-00758,provider_ref,P-0028
ticketing,TKT-00759,provider_ref,P-0044
ticketing,TKT-00760,provider_ref,P-0018
ticketing,TKT-00761,provider_ref,P-0145
ticketing,TKT-00762,provider_ref,P-0087
ticketing,TKT-00763,provider_ref,P-0025
ticketing,TKT-00764,provider_ref,P-0073
ticketing,TKT-00765,provider_ref,P-0036
ticketing,TKT-00766,provider_ref,P-0155
ticketing,TKT-00767,provider_ref,P-0052
ticketing,TKT-00768,provider_ref,P-0007
ticketing,TKT-00769,provider_ref,P-0153
ticketing,TKT-00770,provider_ref,P-0126
ticketing,TKT-00771,provider_ref,P-0055
ticketing,TKT-00772,provider_ref,P-0075
ticketing,TKT-00773,provider_ref,P-0008
ticketing,TKT-00774,provider_ref,P-0148
ticketing,TKT-00775,provider_ref,P-0039
ticketing,TKT-00776,provider_ref,P-0143
ticketing,TKT-00777,provider_ref,P-0007
ticketing,TKT-00778,provider_ref,P-0017
ticketing,TKT-00779,provider_ref,P-0078
ticketing,TKT-00780,provider_ref,P-0116
ticketing,TKT-00781,provider_ref,P-0091
ticketing,TKT-00782,provider_ref,P-0158
ticketing,TKT-00783,provider_ref,P-0014
ticketing,TKT-00784,provider_ref,P-0104
ticketing,TKT-00785,provider_ref,P-0043
ticketing,TKT-00786,provider_ref,P-0029
ticketing,TKT-00787,provider_ref,P-0125
ticketing,TKT-00788,provider_ref,P-0041
ticketing,TKT-00789,provider_ref,P-0136
ticketing,TKT-00790,provider_ref,P-0090
ticketing,TKT-00791,provider_ref,P-0051
ticketing,TKT-00792,provider_ref,P-0122
ticketing,TKT-00793,provider_ref,P-0025
ticketing,TKT-00794,provider_ref,P-0121
ticketing,TKT-00795,provider_ref,P-0015
ticketing,TKT-00796,provider_ref,P-0094
ticketing,TKT-00797,provider_ref,P-0057
ticketing,TKT-00798,provider_ref,P-0157
ticketing,TKT-00799,provider_ref,P-0118
ticketing,TKT-00800,provider_ref,P-0041
ticketing,TKT-00801,provider_ref,P-0031
ticketing,TKT-00802,provider_ref,P-0050
ticketing,TKT-00803,provider_ref,P-0032
ticketing,TKT-00804,provider_ref,P-0061
ticketing,TKT-00805,provider_ref,P-0110
ticketing,TKT-00806,provider_ref,P-0110
ticketing,TKT-00807,provider_ref,P-0108
ticketing,TKT-00808,provider_ref,P-0035
ticketing,TKT-00809,provider_ref,P-0093
ticketing,TKT-00810,provider_ref,P-0113
ticketing,TKT-00811,provider_ref,P-0042
ticketing,TKT-00812,provider_ref,P-0123
ticketing,TKT-00813,provider_ref,P-0083
ticketing,TKT-00814,provider_ref,P-0156
ticketing,TKT-00815,provider_ref,P-0024
ticketing,TKT-00816,provider_ref,P-0081
ticketing,TKT-00817,provider_ref,P-0104
ticketing,TKT-00818,provider_ref,P-0031
ticketing,TKT-00819,provider_ref,P-0073
ticketing,TKT-00820,provider_ref,P-0069
ticketing,TKT-00821,provider_ref,P-0090
ticketing,TKT-00822,provider_ref,P-0089
ticketing,TKT-00823,provider_ref,P-0154
ticketing,TKT-00824,provider_ref,P-0084
ticketing,TKT-00825,provider_ref,P-0016
ticketing,TKT-00826,provider_ref,P-0045
ticketing,TKT-00827,provider_ref,P-0151
ticketing,TKT-00828,provider_ref,P-0109
ticketing,TKT-00829,provider_ref,P-0121
ticketing,TKT-00830,provider_ref,P-0079
ticketing,TKT-00831,provider_ref,P-0119
ticketing,TKT-00832,provider_ref,P-0021
ticketing,TKT-00833,provider_ref,P-0135
ticketing,TKT-00834,provider_ref,P-0129
ticketing,TKT-00835,provider_ref,P-0082
ticketing,TKT-00836,provider_ref,P-0152
ticketing,TKT-00837,provider_ref,P-0059
ticketing,TKT-00838,provider_ref,P-0134
ticketing,TKT-00839,provider_ref,P-0002
ticketing,TKT-00840,provider_ref,P-0115
ticketing,TKT-00841,provider_ref,P-0092
ticketing,TKT-00842,provider_ref,P-0124
ticketing,TKT-00843,provider_ref,P-0105
ticketing,TKT-00844,provider_ref,P-0017
ticketing,TKT-00845,provider_ref,P-0142
ticketing,TKT-00846,provider_ref,P-0029
ticketing,TKT-00847,provider_ref,P-0100
ticketing,TKT-00848,provider_ref,P-0077
ticketing,TKT-00849,provider_ref,P-0040
ticketing,TKT-00850,provider_ref,P-0112
ticketing,TKT-00851,provider_ref,P-0056
ticketing,TKT-00852,provider_ref,P-0054
ticketing,TKT-00853,provider_ref,P-0027
ticketing,TKT-00854,provider_ref,P-0058
ticketing,TKT-00855,provider_ref,P-0103
ticketing,TKT-00856,provider_ref,P-0145
ticketing,TKT-00857,provider_ref,P-0071
ticketing,TKT-00858,provider_ref,P-0049
ticketing,TKT-00859,provider_ref,P-0014
ticketing,TKT-00860,provider_ref,P-0159
ticketing,TKT-00861,provider_ref,P-0060
ticketing,TKT-00862,provider_ref,P-0011
ticketing,TKT-00863,provider_ref,P-0048
ticketing,TKT-00864,provider_ref,P-0096
ticketing,TKT-00865,provider_ref,P-0147
ticketing,TKT-00866,provider_ref,P-0064
ticketing,TKT-00867,provider_ref,P-0127
ticketing,TKT-00868,provider_ref,P-0097
ticketing,TKT-00869,provider_ref,P-0022
ticketing,TKT-00870,provider_ref,P-0030
ticketing,TKT-00871,provider_ref,P-0013
ticketing,TKT-00872,provider_ref,P-0008
ticketing,TKT-00873,provider_ref,P-0072
ticketing,TKT-00874,provider_ref,P-0120
ticketing,TKT-00875,provider_ref,P-0068
ticketing,TKT-00876,provider_ref,P-0034
ticketing,TKT-00877,provider_ref,P-0113
ticketing,TKT-00878,provider_ref,P-0103
ticketing,TKT-00879,provider_ref,P-0155
ticketing,TKT-00880,provider_ref,P-0009
ticketing,TKT-00881,provider_ref,P-0083
ticketing,TKT-00882,provider_ref,P-0147
ticketing,TKT-00883,provider_ref,P-0107
ticketing,TKT-00884,provider_ref,P-0119
ticketing,TKT-00885,provider_ref,P-0076
ticketing,TKT-00886,provider_ref,P-0005
ticketing,TKT-00887,provider_ref,P-0088
ticketing,TKT-00888,provider_ref,P-0043
ticketing,TKT-00889,provider_ref,P-0130
ticketing,TKT-00890,provider_ref,P-0154
ticketing,TKT-00891,provider_ref,P-0122
ticketing,TKT-00892,provider_ref,P-0048
ticketing,TKT-00893,provider_ref,P-0125
ticketing,TKT-00894,provider_ref,P-0035
ticketing,TKT-00895,provider_ref,P-0099
ticketing,TKT-00896,provider_ref,P-0052
ticketing,TKT-00897,provider_ref,P-0009
ticketing,TKT-00898,provider_ref,P-0097
ticketing,TKT-00899,provider_ref,P-0016
ticketing,TKT-00900,provider_ref,P-0082
ticketing,TKT-00901,provider_ref,P-0026
ticketing,TKT-00902,provider_ref,P-0081
ticketing,TKT-00903,provider_ref,P-0138
ticketing,TKT-00904,provider_ref,P-0076
ticketing,TKT-00905,provider_ref,P-0107
ticketing,TKT-00906,provider_ref,P-0114
ticketing,TKT-00907,provider_ref,P-0020
ticketing,TKT-00908,provider_ref,P-0141
ticketing,TKT-00909,provider_ref,P-0023
ticketing,TKT-00910,provider_ref,P-0067
ticketing,TKT-00911,provider_ref,P-0131
ticketing,TKT-00912,provider_ref,P-0156
ticketing,TKT-00913,provider_ref,P-0071
ticketing,TKT-00914,provider_ref,P-0150
ticketing,TKT-00915,provider_ref,P-0086
ticketing,TKT-00916,provider_ref,P-0118
ticketing,TKT-00917,provider_ref,P-0158
ticketing,TKT-00918,provider_ref,P-0063
ticketing,TKT-00919,provider_ref,P-0146
ticketing,TKT-00920,provider_ref,P-0066
ticketing,TKT-00921,provider_ref,P-0062
ticketing,TKT-00922,provider_ref,P-0062
ticketing,TKT-00923,provider_ref,P-0032
ticketing,TKT-00924,provider_ref,P-0051
ticketing,TKT-00925,provider_ref,P-0139
ticketing,TKT-00926,provider_ref,P-0098
ticketing,TKT-00927,provider_ref,P-0140
ticketing,TKT-00928,provider_ref,P-0101
ticketing,TKT-00929,provider_ref,P-0053
ticketing,TKT-00930,provider_ref,P-0047
ticketing,TKT-00931,provider_ref,P-0117
ticketing,TKT-00932,provider_ref,P-0137
ticketing,TKT-00933,provider_ref,P-0056
ticketing,TKT-00934,provider_ref,P-0136
ticketing,TKT-00935,provider_ref,P-0012
ticketing,TKT-00936,provider_ref,P-0111
ticketing,TKT-00937,provider_ref,P-0120
ticketing,TKT-00938,provider_ref,P-0128
ticketing,TKT-00939,provider_ref,P-0006
ticketing,TKT-00940,provider_ref,P-0004
ticketing,TKT-00941,provider_ref,P-0109
ticketing,TKT-00942,provider_ref,P-0159
ticketing,TKT-00943,provider_ref,P-0004
ticketing,TKT-00944,provider_ref,P-0024
ticketing,TKT-00945,provider_ref,P-0124
ticketing,TKT-00946,provider_ref,P-0133
ticketing,TKT-00947,provider_ref,P-0086
ticketing,TKT-00948,provider_ref,P-0092
ticketing,TKT-00949,provider_ref,P-0134
ticketing,TKT-00950,provider_ref,P-0101
ticketing,TKT-00951,provider_ref,P-0085
ticketing,TKT-00952,provider_ref,P-0038
ticketing,TKT-00953,provider_ref,P-0099
ticketing,TKT-00954,provider_ref,P-0019
ticketing,TKT-00955,provider_ref,P-0080
ticketing,TKT-00956,provider_ref,P-0015
ticketing,TKT-00957,provider_ref,P-0069
ticketing,TKT-00958,provider_ref,P-0033
ticketing,TKT-00959,provider_ref,P-0019
ops_workflow,OPS-0001,provider_ref,P-0005
ops_workflow,OPS-0002,provider_ref,P-0016
ops_workflow,OPS-0003,provider_ref,P-0017
ops_workflow,OPS-0004,provider_ref,P-0024
ops_workflow,OPS-0005,provider_ref,P-0027
ops_workflow,OPS-0006,provider_ref,P-0030
ops_workflow,OPS-0007,provider_ref,P-0043
ops_workflow,OPS-0008,provider_ref,P-0044
ops_workflow,OPS-0009,provider_ref,P-0052
ops_workflow,OPS-0010,provider_ref,P-0056
ops_workflow,OPS-0011,provider_ref,P-0061
ops_workflow,OPS-0012,provider_ref,P-0063
ops_workflow,OPS-0013,provider_ref,P-0067
ops_workflow,OPS-0014,provider_ref,P-0073
ops_workflow,OPS-0015,provider_ref,P-0090
ops_workflow,OPS-0016,provider_ref,P-0092
ops_workflow,OPS-0017,provider_ref,P-0095
ops_workflow,OPS-0018,provider_ref,P-0103
ops_workflow,OPS-0019,provider_ref,P-0109
ops_workflow,OPS-0020,provider_ref,P-0114
ops_workflow,OPS-0021,provider_ref,P-0119
ops_workflow,OPS-0022,provider_ref,P-0121
ops_workflow,OPS-0023,provider_ref,P-0124
ops_workflow,OPS-0024,provider_ref,P-0126
ops_workflow,OPS-0025,provider_ref,P-0139
ops_workflow,OPS-0026,provider_ref,P-0145
ops_workflow,OPS-0027,provider_ref,P-0146
ops_workflow,OPS-0028,provider_ref,P-0008
ops_workflow,OPS-0029,provider_ref,P-0022
ops_workflow,OPS-0030,provider_ref,P-0023
ops_workflow,OPS-0031,provider_ref,P-0028
ops_workflow,OPS-0032,provider_ref,P-0029
ops_workflow,OPS-0033,provider_ref,P-0037
ops_workflow,OPS-0034,provider_ref,P-0038
ops_workflow,OPS-0035,provider_ref,P-0040
ops_workflow,OPS-0036,provider_ref,P-0049
ops_workflow,OPS-0037,provider_ref,P-0051
ops_workflow,OPS-0038,provider_ref,P-0053
ops_workflow,OPS-0039,provider_ref,P-0055
ops_workflow,OPS-0040,provider_ref,P-0075
ops_workflow,OPS-0041,provider_ref,P-0081
ops_workflow,OPS-0042,provider_ref,P-0084
ops_workflow,OPS-0043,provider_ref,P-0094
ops_workflow,OPS-0044,provider_ref,P-0098
ops_workflow,OPS-0045,provider_ref,P-0102
ops_workflow,OPS-0046,provider_ref,P-0110
ops_workflow,OPS-0047,provider_ref,P-0118
ops_workflow,OPS-0048,provider_ref,P-0125
ops_workflow,OPS-0049,provider_ref,P-0127
ops_workflow,OPS-0050,provider_ref,P-0128
ops_workflow,OPS-0051,provider_ref,P-0130
ops_workflow,OPS-0052,provider_ref,P-0133
ops_workflow,OPS-0053,provider_ref,P-0136
ops_workflow,OPS-0054,provider_ref,P-0141
ops_workflow,OPS-0055,provider_ref,P-0143
ops_workflow,OPS-0056,provider_ref,P-0149
ops_workflow,OPS-0057,provider_ref,P-0154
ops_workflow,OPS-0058,provider_ref,P-0156
ops_workflow,OPS-0059,provider_ref,P-0159
ops_workflow,OPS-0060,provider_ref,P-0001
ops_workflow,OPS-0061,provider_ref,P-0014
ops_workflow,OPS-0062,provider_ref,P-0019
ops_workflow,OPS-0063,provider_ref,P-0035
ops_workflow,OPS-0064,provider_ref,P-0036
ops_workflow,OPS-0065,provider_ref,P-0047
ops_workflow,OPS-0066,provider_ref,P-0054
ops_workflow,OPS-0067,provider_ref,P-0060
ops_workflow,OPS-0068,provider_ref,P-0068
ops_workflow,OPS-0069,provider_ref,P-0071
ops_workflow,OPS-0070,provider_ref,P-0072
ops_workflow,OPS-0071,provider_ref,P-0079
ops_workflow,OPS-0072,provider_ref,P-0088
ops_workflow,OPS-0073,provider_ref,P-0096
ops_workflow,OPS-0074,provider_ref,P-0100
ops_workflow,OPS-0075,provider_ref,P-0106
ops_workflow,OPS-0076,provider_ref,P-0107
ops_workflow,OPS-0077,provider_ref,P-0111
ops_workflow,OPS-0078,provider_ref,P-0132
ops_workflow,OPS-0079,provider_ref,P-0134
ops_workflow,OPS-0080,provider_ref,P-0135
ops_workflow,OPS-0081,provider_ref,P-0137
ops_workflow,OPS-0082,provider_ref,P-0152
ops_workflow,OPS-0083,provider_ref,P-0160
ops_workflow,OPS-0084,provider_ref,P-0005
ops_workflow,OPS-0085,provider_ref,P-0014
ops_workflow,OPS-0086,provider_ref,P-0015
ops_workflow,OPS-0087,provider_ref,P-0017
ops_workflow,OPS-0088,provider_ref,P-0022
ops_workflow,OPS-0089,provider_ref,P-0035
ops_workflow,OPS-0090,provider_ref,P-0036
ops_workflow,OPS-0091,provider_ref,P-0039
ops_workflow,OPS-0092,provider_ref,P-0040
ops_workflow,OPS-0093,provider_ref,P-0042
ops_workflow,OPS-0094,provider_ref,P-0044
ops_workflow,OPS-0095,provider_ref,P-0052
ops_workflow,OPS-0096,provider_ref,P-0057
ops_workflow,OPS-0097,provider_ref,P-0058
ops_workflow,OPS-0098,provider_ref,P-0059
ops_workflow,OPS-0099,provider_ref,P-0070
ops_workflow,OPS-0100,provider_ref,P-0071
ops_workflow,OPS-0101,provider_ref,P-0076
ops_workflow,OPS-0102,provider_ref,P-0085
ops_workflow,OPS-0103,provider_ref,P-0087
ops_workflow,OPS-0104,provider_ref,P-0096
ops_workflow,OPS-0105,provider_ref,P-0100
ops_workflow,OPS-0106,provider_ref,P-0101
ops_workflow,OPS-0107,provider_ref,P-0118
ops_workflow,OPS-0108,provider_ref,P-0125
ops_workflow,OPS-0109,provider_ref,P-0147
ops_workflow,OPS-0110,provider_ref,P-0151
ops_workflow,OPS-0111,provider_ref,P-0157
ops_workflow,OPS-0112,provider_ref,P-0158
ops_workflow,OPS-0113,provider_ref,P-0004
ops_workflow,OPS-0114,provider_ref,P-0009
ops_workflow,OPS-0115,provider_ref,P-0013
ops_workflow,OPS-0116,provider_ref,P-0029
ops_workflow,OPS-0117,provider_ref,P-0030
ops_workflow,OPS-0118,provider_ref,P-0049
ops_workflow,OPS-0119,provider_ref,P-0050
ops_workflow,OPS-0120,provider_ref,P-0053
ops_workflow,OPS-0121,provider_ref,P-0074
ops_workflow,OPS-0122,provider_ref,P-0078
ops_workflow,OPS-0123,provider_ref,P-0081
ops_workflow,OPS-0124,provider_ref,P-0082
ops_workflow,OPS-0125,provider_ref,P-0086
ops_workflow,OPS-0126,provider_ref,P-0092
ops_workflow,OPS-0127,provider_ref,P-0104
ops_workflow,OPS-0128,provider_ref,P-0105
ops_workflow,OPS-0129,provider_ref,P-0107
ops_workflow,OPS-0130,provider_ref,P-0115
ops_workflow,OPS-0131,provider_ref,P-0116
ops_workflow,OPS-0132,provider_ref,P-0122
ops_workflow,OPS-0133,provider_ref,P-0126
ops_workflow,OPS-0134,provider_ref,P-0130
ops_workflow,OPS-0135,provider_ref,P-0133
ops_workflow,OPS-0136,provider_ref,P-0135
ops_workflow,OPS-0137,provider_ref,P-0138
ops_workflow,OPS-0138,provider_ref,P-0142
ops_workflow,OPS-0139,provider_ref,P-0148
ops_workflow,OPS-0140,provider_ref,P-0154
ops_workflow,OPS-0141,provider_ref,P-0006
ops_workflow,OPS-0142,provider_ref,P-0010
ops_workflow,OPS-0143,provider_ref,P-0012
ops_workflow,OPS-0144,provider_ref,P-0016
ops_workflow,OPS-0145,provider_ref,P-0051
ops_workflow,OPS-0146,provider_ref,P-0055
ops_workflow,OPS-0147,provider_ref,P-0060
ops_workflow,OPS-0148,provider_ref,P-0065
ops_workflow,OPS-0149,provider_ref,P-0067
ops_workflow,OPS-0150,provider_ref,P-0068
ops_workflow,OPS-0151,provider_ref,P-0069
ops_workflow,OPS-0152,provider_ref,P-0072
ops_workflow,OPS-0153,provider_ref,P-0079
ops_workflow,OPS-0154,provider_ref,P-0102
ops_workflow,OPS-0155,provider_ref,P-0109
ops_workflow,OPS-0156,provider_ref,P-0112
ops_workflow,OPS-0157,provider_ref,P-0114
ops_workflow,OPS-0158,provider_ref,P-0121
ops_workflow,OPS-0159,provider_ref,P-0123
ops_workflow,OPS-0160,provider_ref,P-0127
ops_workflow,OPS-0161,provider_ref,P-0132
ops_workflow,OPS-0162,provider_ref,P-0143
ops_workflow,OPS-0163,provider_ref,P-0149
ops_workflow,OPS-0164,provider_ref,P-0152
ops_workflow,OPS-0165,provider_ref,P-0155
ops_workflow,OPS-0166,provider_ref,P-0160
ops_workflow,OPS-0167,provider_ref,P-0003
ops_workflow,OPS-0168,provider_ref,P-0006
ops_workflow,OPS-0169,provider_ref,P-0010
ops_workflow,OPS-0170,provider_ref,P-0011
ops_workflow,OPS-0171,provider_ref,P-0013
ops_workflow,OPS-0172,provider_ref,P-0017
ops_workflow,OPS-0173,provider_ref,P-0019
ops_workflow,OPS-0174,provider_ref,P-0020
ops_workflow,OPS-0175,provider_ref,P-0023
ops_workflow,OPS-0176,provider_ref,P-0037
ops_workflow,OPS-0177,provider_ref,P-0047
ops_workflow,OPS-0178,provider_ref,P-0048
ops_workflow,OPS-0179,provider_ref,P-0056
ops_workflow,OPS-0180,provider_ref,P-0064
ops_workflow,OPS-0181,provider_ref,P-0071
ops_workflow,OPS-0182,provider_ref,P-0072
ops_workflow,OPS-0183,provider_ref,P-0077
ops_workflow,OPS-0184,provider_ref,P-0081
ops_workflow,OPS-0185,provider_ref,P-0086
ops_workflow,OPS-0186,provider_ref,P-0088
ops_workflow,OPS-0187,provider_ref,P-0090
ops_workflow,OPS-0188,provider_ref,P-0097
ops_workflow,OPS-0189,provider_ref,P-0098
ops_workflow,OPS-0190,provider_ref,P-0102
ops_workflow,OPS-0191,provider_ref,P-0104
ops_workflow,OPS-0192,provider_ref,P-0113
ops_workflow,OPS-0193,provider_ref,P-0114
ops_workflow,OPS-0194,provider_ref,P-0118
ops_workflow,OPS-0195,provider_ref,P-0120
ops_workflow,OPS-0196,provider_ref,P-0126
ops_workflow,OPS-0197,provider_ref,P-0131
ops_workflow,OPS-0198,provider_ref,P-0140
ops_workflow,OPS-0199,provider_ref,P-0144
ops_workflow,OPS-0200,provider_ref,P-0158
ops_workflow,OPS-0201,provider_ref,P-0002
ops_workflow,OPS-0202,provider_ref,P-0005
ops_workflow,OPS-0203,provider_ref,P-0018
ops_workflow,OPS-0204,provider_ref,P-0022
ops_workflow,OPS-0205,provider_ref,P-0024
ops_workflow,OPS-0206,provider_ref,P-0041
ops_workflow,OPS-0207,provider_ref,P-0044
ops_workflow,OPS-0208,provider_ref,P-0057
ops_workflow,OPS-0209,provider_ref,P-0061
ops_workflow,OPS-0210,provider_ref,P-0070
ops_workflow,OPS-0211,provider_ref,P-0078
ops_workflow,OPS-0212,provider_ref,P-0080
ops_workflow,OPS-0213,provider_ref,P-0095
ops_workflow,OPS-0214,provider_ref,P-0107
ops_workflow,OPS-0215,provider_ref,P-0108
ops_workflow,OPS-0216,provider_ref,P-0125
ops_workflow,OPS-0217,provider_ref,P-0128
ops_workflow,OPS-0218,provider_ref,P-0136
ops_workflow,OPS-0219,provider_ref,P-0155
ops_workflow,OPS-0220,provider_ref,P-0156
ops_workflow,OPS-0221,provider_ref,P-0157
ops_workflow,OPS-0222,provider_ref,P-0160
ops_workflow,OPS-0223,provider_ref,P-0004
ops_workflow,OPS-0224,provider_ref,P-0014
ops_workflow,OPS-0225,provider_ref,P-0015
ops_workflow,OPS-0226,provider_ref,P-0046
ops_workflow,OPS-0227,provider_ref,P-0050
ops_workflow,OPS-0228,provider_ref,P-0060
ops_workflow,OPS-0229,provider_ref,P-0063
ops_workflow,OPS-0230,provider_ref,P-0083
ops_workflow,OPS-0231,provider_ref,P-0084
ops_workflow,OPS-0232,provider_ref,P-0085
ops_workflow,OPS-0233,provider_ref,P-0091
ops_workflow,OPS-0234,provider_ref,P-0116
ops_workflow,OPS-0235,provider_ref,P-0119
ops_workflow,OPS-0236,provider_ref,P-0129
ops_workflow,OPS-0237,provider_ref,P-0130
ops_workflow,OPS-0238,provider_ref,P-0138
ops_workflow,OPS-0239,provider_ref,P-0143
ops_workflow,OPS-0240,provider_ref,P-0149
ops_workflow,OPS-0241,provider_ref,P-0153
ops_workflow,OPS-0242,provider_ref,P-0154
ops_workflow,OPS-0243,provider_ref,P-0159
ops_workflow,OPS-0244,provider_ref,P-0001
ops_workflow,OPS-0245,provider_ref,P-0004
ops_workflow,OPS-0246,provider_ref,P-0009
ops_workflow,OPS-0247,provider_ref,P-0020
ops_workflow,OPS-0248,provider_ref,P-0021
ops_workflow,OPS-0249,provider_ref,P-0027
ops_workflow,OPS-0250,provider_ref,P-0040
ops_workflow,OPS-0251,provider_ref,P-0044
ops_workflow,OPS-0252,provider_ref,P-0049
ops_workflow,OPS-0253,provider_ref,P-0052
ops_workflow,OPS-0254,provider_ref,P-0058
ops_workflow,OPS-0255,provider_ref,P-0092
ops_workflow,OPS-0256,provider_ref,P-0093
ops_workflow,OPS-0257,provider_ref,P-0095
ops_workflow,OPS-0258,provider_ref,P-0119
ops_workflow,OPS-0259,provider_ref,P-0130
ops_workflow,OPS-0260,provider_ref,P-0136
ops_workflow,OPS-0261,provider_ref,P-0138
ops_workflow,OPS-0262,provider_ref,P-0144
ops_workflow,OPS-0263,provider_ref,P-0159
ops_workflow,OPS-0264,provider_ref,P-0005
ops_workflow,OPS-0265,provider_ref,P-0013
ops_workflow,OPS-0266,provider_ref,P-0015
ops_workflow,OPS-0267,provider_ref,P-0019
ops_workflow,OPS-0268,provider_ref,P-0023
ops_workflow,OPS-0269,provider_ref,P-0026
ops_workflow,OPS-0270,provider_ref,P-0042
ops_workflow,OPS-0271,provider_ref,P-0054
ops_workflow,OPS-0272,provider_ref,P-0056
ops_workflow,OPS-0273,provider_ref,P-0067
ops_workflow,OPS-0274,provider_ref,P-0072
ops_workflow,OPS-0275,provider_ref,P-0075
ops_workflow,OPS-0276,provider_ref,P-0081
ops_workflow,OPS-0277,provider_ref,P-0094
ops_workflow,OPS-0278,provider_ref,P-0110
ops_workflow,OPS-0279,provider_ref,P-0114
ops_workflow,OPS-0280,provider_ref,P-0115
ops_workflow,OPS-0281,provider_ref,P-0118
ops_workflow,OPS-0282,provider_ref,P-0132
ops_workflow,OPS-0283,provider_ref,P-0146
ops_workflow,OPS-0284,provider_ref,P-0002
ops_workflow,OPS-0285,provider_ref,P-0003
ops_workflow,OPS-0286,provider_ref,P-0007
ops_workflow,OPS-0287,provider_ref,P-0008
ops_workflow,OPS-0288,provider_ref,P-0010
ops_workflow,OPS-0289,provider_ref,P-0017
ops_workflow,OPS-0290,provider_ref,P-0032
ops_workflow,OPS-0291,provider_ref,P-0033
ops_workflow,OPS-0292,provider_ref,P-0034
ops_workflow,OPS-0293,provider_ref,P-0036
ops_workflow,OPS-0294,provider_ref,P-0037
ops_workflow,OPS-0295,provider_ref,P-0043
ops_workflow,OPS-0296,provider_ref,P-0050
ops_workflow,OPS-0297,provider_ref,P-0053
ops_workflow,OPS-0298,provider_ref,P-0055
ops_workflow,OPS-0299,provider_ref,P-0060
ops_workflow,OPS-0300,provider_ref,P-0062
ops_workflow,OPS-0301,provider_ref,P-0064
ops_workflow,OPS-0302,provider_ref,P-0073
ops_workflow,OPS-0303,provider_ref,P-0096
ops_workflow,OPS-0304,provider_ref,P-0097
ops_workflow,OPS-0305,provider_ref,P-0098
ops_workflow,OPS-0306,provider_ref,P-0099
ops_workflow,OPS-0307,provider_ref,P-0107
ops_workflow,OPS-0308,provider_ref,P-0108
ops_workflow,OPS-0309,provider_ref,P-0109
ops_workflow,OPS-0310,provider_ref,P-0113
ops_workflow,OPS-0311,provider_ref,P-0122
ops_workflow,OPS-0312,provider_ref,P-0129
ops_workflow,OPS-0313,provider_ref,P-0134
ops_workflow,OPS-0314,provider_ref,P-0145
ops_workflow,OPS-0315,provider_ref,P-0149
ops_workflow,OPS-0316,provider_ref,P-0153
ops_workflow,OPS-0317,provider_ref,P-0158
crm,ACC-0745,provider,P-0001
crm,ACC-0956,provider,P-0002
crm,ACC-0064,provider,P-0003
crm,ACC-0731,provider,P-0004
crm,ACC-0126,provider,P-0005
crm,ACC-0634,provider,P-0006
crm,ACC-0035,provider,P-0007
crm,ACC-0129,provider,P-0008
crm,ACC-0391,provider,P-0009
crm,ACC-0860,provider,P-0010
crm,ACC-0686,provider,P-0011
crm,ACC-0603,provider,P-0012
crm,ACC-0239,provider,P-0013
crm,ACC-0639,provider,P-0014
crm,ACC-0215,provider,P-0015
crm,ACC-0599,provider,P-0016
crm,ACC-0854,provider,P-0017
crm,ACC-0742,provider,P-0018
crm,ACC-0051,provider,P-0019
crm,ACC-0668,provider,P-0020
crm,ACC-0678,provider,P-0021
crm,ACC-0491,provider,P-0022
crm,ACC-0387,provider,P-0023
crm,ACC-0688,provider,P-0024
crm,ACC-0005,provider,P-0025
crm,ACC-0376,provider,P-0026
crm,ACC-0766,provider,P-0027
crm,ACC-0903,provider,P-0028
crm,ACC-0326,provider,P-0029
crm,ACC-0680,provider,P-0030
crm,ACC-0152,provider,P-0031
crm,ACC-0073,provider,P-0032
crm,ACC-0095,provider,P-0033
crm,ACC-0138,provider,P-0034
crm,ACC-0026,provider,P-0035
crm,ACC-0866,provider,P-0036
crm,ACC-0136,provider,P-0037
crm,ACC-0237,provider,P-0038
crm,ACC-0894,provider,P-0039
crm,ACC-0513,provider,P-0040
crm,ACC-0370,provider,P-0041
crm,ACC-0015,provider,P-0042
crm,ACC-0910,provider,P-0043
crm,ACC-0317,provider,P-0044
crm,ACC-0666,provider,P-0045
crm,ACC-0606,provider,P-0046
crm,ACC-0823,provider,P-0047
crm,ACC-0082,provider,P-0048
crm,ACC-0906,provider,P-0049
crm,ACC-0596,provider,P-0050
crm,ACC-0540,provider,P-0051
crm,ACC-0804,provider,P-0052
crm,ACC-0537,provider,P-0053
crm,ACC-0954,provider,P-0054
crm,ACC-0262,provider,P-0055
crm,ACC-0929,provider,P-0056
crm,ACC-0829,provider,P-0057
crm,ACC-0044,provider,P-0058
crm,ACC-0200,provider,P-0059
crm,ACC-0919,provider,P-0060
crm,ACC-0178,provider,P-0061
crm,ACC-0628,provider,P-0062
crm,ACC-0328,provider,P-0063
crm,ACC-0674,provider,P-0064
crm,ACC-0259,provider,P-0065
crm,ACC-0592,provider,P-0066
crm,ACC-0803,provider,P-0067
crm,ACC-0169,provider,P-0068
crm,ACC-0624,provider,P-0069
crm,ACC-0264,provider,P-0070
crm,ACC-0662,provider,P-0071
crm,ACC-0827,provider,P-0072
crm,ACC-0039,provider,P-0073
crm,ACC-0590,provider,P-0074
crm,ACC-0139,provider,P-0075
crm,ACC-0340,provider,P-0076
crm,ACC-0685,provider,P-0077
crm,ACC-0290,provider,P-0078
crm,ACC-0813,provider,P-0079
crm,ACC-0661,provider,P-0080
crm,ACC-0489,provider,P-0081
crm,ACC-0802,provider,P-0082
crm,ACC-0567,provider,P-0083
crm,ACC-0096,provider,P-0084
crm,ACC-0466,provider,P-0085
crm,ACC-0520,provider,P-0086
crm,ACC-0920,provider,P-0087
crm,ACC-0291,provider,P-0088
crm,ACC-0535,provider,P-0089
crm,ACC-0278,provider,P-0090
crm,ACC-0914,provider,P-0091
crm,ACC-0285,provider,P-0092
crm,ACC-0373,provider,P-0093
crm,ACC-0551,provider,P-0094
crm,ACC-0408,provider,P-0095
crm,ACC-0420,provider,P-0096
crm,ACC-0029,provider,P-0097
crm,ACC-0211,provider,P-0098
crm,ACC-0656,provider,P-0099
crm,ACC-0507,provider,P-0100
crm,ACC-0519,provider,P-0101
crm,ACC-0159,provider,P-0102
crm,ACC-0315,provider,P-0103
crm,ACC-0572,provider,P-0104
crm,ACC-0790,provider,P-0105
crm,ACC-0392,provider,P-0106
crm,ACC-0734,provider,P-0107
crm,ACC-0031,provider,P-0108
crm,ACC-0080,provider,P-0109
crm,ACC-0218,provider,P-0110
crm,ACC-0311,provider,P-0111
crm,ACC-0907,provider,P-0112
crm,ACC-0776,provider,P-0113
crm,ACC-0314,provider,P-0114
crm,ACC-0858,provider,P-0115
crm,ACC-0436,provider,P-0116
crm,ACC-0677,provider,P-0117
crm,ACC-0134,provider,P-0118
crm,ACC-0432,provider,P-0119
crm,ACC-0589,provider,P-0120
crm,ACC-0706,provider,P-0121
crm,ACC-0498,provider,P-0122
crm,ACC-0154,provider,P-0123
crm,ACC-0393,provider,P-0124
crm,ACC-0715,provider,P-0125
crm,ACC-0570,provider,P-0126
crm,ACC-0168,provider,P-0127
crm,ACC-0425,provider,P-0128
crm,ACC-0775,provider,P-0129
crm,ACC-0229,provider,P-0130
crm,ACC-0344,provider,P-0131
crm,ACC-0729,provider,P-0132
crm,ACC-0614,provider,P-0133
crm,ACC-0853,provider,P-0134
crm,ACC-0960,provider,P-0135
crm,ACC-0897,provider,P-0136
crm,ACC-0958,provider,P-0137
crm,ACC-0529,provider,P-0138
crm,ACC-0849,provider,P-0139
crm,ACC-0334,provider,P-0140
crm,ACC-0172,provider,P-0141
crm,ACC-0544,provider,P-0142
crm,ACC-0667,provider,P-0143
crm,ACC-0638,provider,P-0144
crm,ACC-0336,provider,P-0145
crm,ACC-0746,provider,P-0146
crm,ACC-0295,provider,P-0147
crm,ACC-0348,provider,P-0148
crm,ACC-0584,provider,P-0149
crm,ACC-0934,provider,P-0150
crm,ACC-0459,provider,P-0151
crm,ACC-0791,provider,P-0152
crm,ACC-0127,provider,P-0153
crm,ACC-0263,provider,P-0154
crm,ACC-0479,provider,P-0155
crm,ACC-0618,provider,P-0156
crm,ACC-0101,provider,P-0157
crm,ACC-0852,provider,P-0158
crm,ACC-0113,provider,P-0159
crm,ACC-0895,provider,P-0160
claims_a,PA-0054,provider,P-0001
claims_a,PA-0512,provider,P-0002
claims_a,PA-0465,provider,P-0003
claims_a,PA-0261,provider,P-0007
claims_a,PA-0430,provider,P-0008
claims_a,PA-0392,provider,P-0009
claims_a,PA-0456,provider,P-0010
claims_a,PA-0303,provider,P-0013
claims_a,PA-0517,provider,P-0014
claims_a,PA-0378,provider,P-0015
claims_a,PA-0194,provider,P-0019
claims_a,PA-0138,provider,P-0020
claims_a,PA-0049,provider,P-0021
claims_a,PA-0036,provider,P-0025
claims_a,PA-0026,provider,P-0026
claims_a,PA-0245,provider,P-0027
claims_a,PA-0499,provider,P-0031
claims_a,PA-0283,provider,P-0032
claims_a,PA-0334,provider,P-0033
claims_a,PA-0028,provider,P-0037
claims_a,PA-0003,provider,P-0038
claims_a,PA-0460,provider,P-0039
claims_a,PA-0305,provider,P-0043
claims_a,PA-0093,provider,P-0044
claims_a,PA-0007,provider,P-0045
claims_a,PA-0299,provider,P-0049
claims_a,PA-0405,provider,P-0050
claims_a,PA-0135,provider,P-0051
claims_a,PA-0232,provider,P-0055
claims_a,PA-0364,provider,P-0056
claims_a,PA-0448,provider,P-0057
claims_a,PA-0087,provider,P-0061
claims_a,PA-0013,provider,P-0062
claims_a,PA-0253,provider,P-0063
claims_a,PA-0341,provider,P-0067
claims_a,PA-0207,provider,P-0068
claims_a,PA-0255,provider,P-0069
claims_a,PA-0033,provider,P-0073
claims_a,PA-0424,provider,P-0074
claims_a,PA-0518,provider,P-0075
claims_a,PA-0030,provider,P-0079
claims_a,PA-0230,provider,P-0080
claims_a,PA-0413,provider,P-0081
claims_a,PA-0330,provider,P-0085
claims_a,PA-0310,provider,P-0086
claims_a,PA-0371,provider,P-0087
claims_a,PA-0129,provider,P-0089
claims_a,PA-0438,provider,P-0091
claims_a,PA-0080,provider,P-0092
claims_a,PA-0511,provider,P-0093
claims_a,PA-0166,provider,P-0097
claims_a,PA-0468,provider,P-0098
claims_a,PA-0073,provider,P-0099
claims_a,PA-0426,provider,P-0103
claims_a,PA-0268,provider,P-0104
claims_a,PA-0521,provider,P-0105
claims_a,PA-0034,provider,P-0109
claims_a,PA-0435,provider,P-0110
claims_a,PA-0281,provider,P-0111
claims_a,PA-0494,provider,P-0115
claims_a,PA-0272,provider,P-0116
claims_a,PA-0206,provider,P-0117
claims_a,PA-0134,provider,P-0121
claims_a,PA-0100,provider,P-0122
claims_a,PA-0385,provider,P-0123
claims_a,PA-0320,provider,P-0124
claims_a,PA-0203,provider,P-0127
claims_a,PA-0223,provider,P-0128
claims_a,PA-0062,provider,P-0129
claims_a,PA-0088,provider,P-0130
claims_a,PA-0191,provider,P-0131
claims_a,PA-0077,provider,P-0133
claims_a,PA-0139,provider,P-0134
claims_a,PA-0515,provider,P-0135
claims_a,PA-0326,provider,P-0137
claims_a,PA-0434,provider,P-0139
claims_a,PA-0058,provider,P-0140
claims_a,PA-0389,provider,P-0141
claims_a,PA-0124,provider,P-0145
claims_a,PA-0493,provider,P-0146
claims_a,PA-0115,provider,P-0147
claims_a,PA-0505,provider,P-0151
claims_a,PA-0209,provider,P-0152
claims_a,PA-0038,provider,P-0153
claims_a,PA-0254,provider,P-0157
claims_a,PA-0394,provider,P-0158
claims_a,PA-0445,provider,P-0159
claims_a,PA-0501,provider,P-0160
claims_a,MB53770881,member,M-001523
claims_a,MB42901755,member,M-002020
claims_a,MB14971907,member,M-001329
claims_a,MB86494515,member,M-002290
claims_a,MB77789079,member,M-000228
claims_a,MB77641510,member,M-000429
claims_a,MB16587799,member,M-000235
claims_a,MB38133464,member,M-001636
claims_a,MB96910313,member,M-000750
claims_a,MB42132393,member,M-000888
claims_a,MB01129926,member,M-001040
claims_a,MB05976158,member,M-002178
claims_a,MB03441373,member,M-002295
claims_a,MB20560218,member,M-000470
claims_a,MB25428946,member,M-001130
claims_a,MB19441214,member,M-001058
claims_a,MB90106068,member,M-000500
claims_a,MB85791097,member,M-002084
claims_a,MB44773484,member,M-001813
claims_a,MB91959110,member,M-000901
claims_a,MB79694801,member,M-000799
claims_a,MB02015179,member,M-001200
claims_a,MB26619372,member,M-000134
claims_a,MB34221141,member,M-002067
claims_a,MB89057266,member,M-001172
claims_a,MB20084652,member,M-000772
claims_a,MB00968781,member,M-001080
claims_a,MB74705402,member,M-000907
claims_a,MB55692629,member,M-000197
claims_a,MB42137166,member,M-001666
claims_a,MB39171088,member,M-000556
claims_a,MB43496580,member,M-001215
claims_a,MB58223505,member,M-001669
claims_a,MB39849912,member,M-002262
claims_a,MB74198767,member,M-001908
claims_a,MB46323191,member,M-000442
claims_a,MB56606345,member,M-002331
claims_a,MB40946121,member,M-001847
claims_a,MB19348212,member,M-000206
claims_a,MB13596829,member,M-002374
claims_a,MB41075182,member,M-002213
claims_a,MB73774469,member,M-000752
claims_a,MB51040965,member,M-002256
claims_a,MB80142849,member,M-002221
claims_a,MB73998961,member,M-000264
claims_a,MB48149482,member,M-000951
claims_a,MB95868110,member,M-001286
claims_a,MB05614174,member,M-000077
claims_a,MB81178885,member,M-000070
claims_a,MB00344303,member,M-000198
claims_a,MB95449930,member,M-000698
claims_a,MB34029139,member,M-002388
claims_a,MB29009211,member,M-002356
claims_a,MB84644215,member,M-001208
claims_a,MB22294301,member,M-001678
claims_a,MB92884197,member,M-002177
claims_a,MB14479352,member,M-002117
claims_a,MB05892974,member,M-001219
claims_a,MB56240084,member,M-000119
claims_a,MB12339511,member,M-002214
claims_a,MB28463020,member,M-002366
claims_a,MB88131849,member,M-002108
claims_a,MB01890348,member,M-000460
claims_a,MB12842469,member,M-001395
claims_a,MB78786294,member,M-001876
claims_a,MB80142265,member,M-001178
claims_a,MB30317689,member,M-002181
claims_a,MB53255602,member,M-000959
claims_a,MB90996763,member,M-001803
claims_a,MB18208520,member,M-000241
claims_a,MB22909541,member,M-001380
claims_a,MB96416275,member,M-000132
claims_a,MB39807633,member,M-001427
claims_a,MB92647902,member,M-000244
claims_a,MB95186914,member,M-001795
claims_a,MB15541047,member,M-000833
claims_a,MB60937796,member,M-002358
claims_a,MB21264801,member,M-000819
claims_a,MB68255127,member,M-001177
claims_a,MB59584522,member,M-000376
claims_a,MB83031143,member,M-001451
claims_a,MB90368626,member,M-000929
claims_a,MB03989423,member,M-001530
claims_a,MB86274567,member,M-000357
claims_a,MB65884623,member,M-000159
claims_a,MB90455408,member,M-002268
claims_a,MB78478184,member,M-000693
claims_a,MB67631755,member,M-000495
claims_a,MB04547522,member,M-001594
claims_a,MB70381817,member,M-000530
claims_a,MB42681823,member,M-000721
claims_a,MB26841625,member,M-001924
claims_a,MB38744673,member,M-000608
claims_a,MB11307671,member,M-000649
claims_a,MB36197787,member,M-001409
claims_a,MB87112459,member,M-001434
claims_a,MB91590630,member,M-001443
claims_a,MB34935754,member,M-001624
claims_a,MB18453800,member,M-000524
claims_a,MB92849750,member,M-002013
claims_a,MB20601268,member,M-002072
claims_a,MB24525524,member,M-001986
claims_a,MB97754450,member,M-002078
claims_a,MB16094525,member,M-000696
claims_a,MB84122098,member,M-001567
claims_a,MB89889098,member,M-000062
claims_a,MB59573887,member,M-001444
claims_a,MB90105606,member,M-001201
claims_a,MB47665946,member,M-000874
claims_a,MB13208247,member,M-001868
claims_a,MB09295792,member,M-002259
claims_a,MB56267415,member,M-000061
claims_a,MB48359530,member,M-001053
claims_a,MB11716836,member,M-000553
claims_a,MB88824290,member,M-000485
claims_a,MB44099326,member,M-000208
claims_a,MB14319594,member,M-001033
claims_a,MB70218664,member,M-002275
claims_a,MB90395620,member,M-000488
claims_a,MB36169218,member,M-002110
claims_a,MB88612211,member,M-000497
claims_a,MB65641573,member,M-002115
claims_a,MB88817918,member,M-000980
claims_a,MB64803086,member,M-002144
claims_a,MB53814070,member,M-001858
claims_a,MB49667685,member,M-000281
claims_a,MB55250068,member,M-000184
claims_a,MB69244185,member,M-000337
claims_a,MB79503557,member,M-000977
claims_a,MB45694444,member,M-002357
claims_a,MB17956913,member,M-000827
claims_a,MB36778269,member,M-000634
claims_a,MB35833156,member,M-000015
claims_a,MB81709974,member,M-001788
claims_a,MB71600831,member,M-000934
claims_a,MB82232236,member,M-000577
claims_a,MB33266810,member,M-000718
claims_a,MB74121929,member,M-000192
claims_a,MB40232066,member,M-000560
claims_a,MB27775381,member,M-000617
claims_a,MB33635732,member,M-001913
claims_a,MB26830448,member,M-000895
claims_a,MB11457410,member,M-000268
claims_a,MB92038468,member,M-000835
claims_a,MB49650807,member,M-001386
claims_a,MB36218400,member,M-002258
claims_a,MB57063296,member,M-000612
claims_a,MB58959861,member,M-001202
claims_a,MB22969840,member,M-000016
claims_a,MB07284695,member,M-000871
claims_a,MB19670044,member,M-001734
claims_a,MB30097200,member,M-000385
claims_a,MB10952896,member,M-000341
claims_a,MB46045630,member,M-000583
claims_a,MB27626276,member,M-002318
claims_a,MB64635885,member,M-002313
claims_a,MB75405783,member,M-000417
claims_a,MB28410963,member,M-001375
claims_a,MB90140437,member,M-001589
claims_a,MB04265799,member,M-000003
claims_a,MB98488338,member,M-000140
claims_a,MB38349783,member,M-000113
claims_a,MB54953237,member,M-000389
claims_a,MB68679929,member,M-000844
claims_a,MB41895110,member,M-001268
claims_a,MB95737424,member,M-001824
claims_a,MB90302303,member,M-001990
claims_a,MB43333406,member,M-002344
claims_a,MB25420283,member,M-001758
claims_a,MB06914893,member,M-002155
claims_a,MB92683136,member,M-001051
claims_a,MB00734097,member,M-000994
claims_a,MB30056261,member,M-002285
claims_a,MB98755046,member,M-001002
claims_a,MB59313284,member,M-001817
claims_a,MB67326285,member,M-002232
claims_a,MB44445587,member,M-001835
claims_a,MB82778089,member,M-001672
claims_a,MB84028236,member,M-001676
claims_a,MB85424250,member,M-001750
claims_a,MB92413212,member,M-001189
claims_a,MB88698490,member,M-001662
claims_a,MB08041391,member,M-000403
claims_a,MB34331441,member,M-000831
claims_a,MB65228535,member,M-000035
claims_a,MB48255231,member,M-000575
claims_a,MB66743428,member,M-000514
claims_a,MB83276088,member,M-001429
claims_a,MB61433172,member,M-001740
claims_a,MB71721578,member,M-000574
claims_a,MB81094790,member,M-000869
claims_a,MB23581963,member,M-001961
claims_a,MB25978571,member,M-001242
claims_a,MB86825515,member,M-000362
claims_a,MB93541005,member,M-001092
claims_a,MB56257000,member,M-001882
claims_a,MB95084373,member,M-001127
claims_a,MB09510600,member,M-001402
claims_a,MB47380159,member,M-002354
claims_a,MB61408972,member,M-002036
claims_a,MB59195194,member,M-000432
claims_a,MB30587988,member,M-000012
claims_a,MB89501846,member,M-000217
claims_a,MB74209721,member,M-002294
claims_a,MB16581824,member,M-001216
claims_a,MB90961791,member,M-001344
claims_a,MB72060023,member,M-000593
claims_a,MB06594707,member,M-002368
claims_a,MB89135168,member,M-001926
claims_a,MB07505818,member,M-001149
claims_a,MB89377391,member,M-001480
claims_a,MB18740864,member,M-000021
claims_a,MB74547422,member,M-001307
claims_a,MB19531743,member,M-001192
claims_a,MB29781129,member,M-001141
claims_a,MB37432067,member,M-001528
claims_a,MB43389073,member,M-000186
claims_a,MB86104027,member,M-000483
claims_a,MB62980385,member,M-001688
claims_a,MB50803895,member,M-000968
claims_a,MB94233276,member,M-002278
claims_a,MB77984620,member,M-001188
claims_a,MB08277097,member,M-000702
claims_a,MB91563151,member,M-001712
claims_a,MB50509993,member,M-000969
claims_a,MB64863150,member,M-001316
claims_a,MB08244186,member,M-001544
claims_a,MB71056927,member,M-001180
claims_a,MB13311507,member,M-000263
claims_a,MB82993446,member,M-000930
claims_a,MB96074611,member,M-001510
claims_a,MB09067690,member,M-000355
claims_a,MB57821509,member,M-002106
claims_a,MB04623108,member,M-001920
claims_a,MB09796799,member,M-000656
claims_a,MB52425387,member,M-002190
claims_a,MB08448940,member,M-001445
claims_a,MB56379776,member,M-001807
claims_a,MB24272734,member,M-000329
claims_a,MB68675400,member,M-001724
claims_a,MB40851122,member,M-000240
claims_a,MB87069904,member,M-000513
claims_a,MB76325036,member,M-001410
claims_a,MB88654879,member,M-000803
claims_a,MB49772648,member,M-001008
claims_a,MB78577462,member,M-001212
claims_a,MB82147935,member,M-001393
claims_a,MB07319968,member,M-001167
claims_a,MB32858752,member,M-002247
claims_a,MB82650976,member,M-001328
claims_a,MB68786599,member,M-001927
claims_a,MB39786693,member,M-000920
claims_a,MB37373949,member,M-001932
claims_a,MB78673120,member,M-001975
claims_a,MB64154596,member,M-000725
claims_a,MB76609843,member,M-001638
claims_a,MB98908471,member,M-001016
claims_a,MB54008708,member,M-001649
claims_a,MB84184877,member,M-000768
claims_a,MB65122376,member,M-001634
claims_a,MB29573041,member,M-002152
claims_a,MB89774697,member,M-000121
claims_a,MB85306788,member,M-000139
claims_a,MB36048781,member,M-000777
claims_a,MB93212294,member,M-001911
claims_a,MB05727818,member,M-002246
claims_a,MB05245871,member,M-001901
claims_a,MB58211760,member,M-000820
claims_a,MB22573855,member,M-001777
claims_a,MB25320492,member,M-000201
claims_a,MB40169346,member,M-002109
claims_a,MB00965138,member,M-000041
claims_a,MB04772547,member,M-001250
claims_a,MB22999523,member,M-001848
claims_a,MB60165940,member,M-001956
claims_a,MB88145654,member,M-000273
claims_a,MB08181595,member,M-000498
claims_a,MB41935074,member,M-001278
claims_a,MB67292380,member,M-000312
claims_a,MB51189424,member,M-001647
claims_a,MB71659221,member,M-000893
claims_a,MB98926537,member,M-000719
claims_a,MB08273096,member,M-000760
claims_a,MB35503389,member,M-000009
claims_a,MB13116517,member,M-001553
claims_a,MB04370484,member,M-001038
claims_a,MB50885459,member,M-000126
claims_a,MB80904160,member,M-000456
claims_a,MB95648168,member,M-001214
claims_a,MB40811697,member,M-001324
claims_a,MB24011268,member,M-001131
claims_a,MB25086055,member,M-000973
claims_a,MB16853900,member,M-001775
claims_a,MB12684736,member,M-001489
claims_a,MB54795619,member,M-000501
claims_a,MB46938140,member,M-001164
claims_a,MB42222252,member,M-002224
claims_a,MB14404851,member,M-001513
claims_a,MB39922369,member,M-000597
claims_a,MB49491122,member,M-000308
claims_a,MB84082607,member,M-001396
claims_a,MB49716992,member,M-001425
claims_a,MB62482955,member,M-001411
claims_a,MB16613686,member,M-001756
claims_a,MB85978796,member,M-001939
claims_a,MB21265947,member,M-002292
claims_a,MB05609238,member,M-001778
claims_a,MB14490391,member,M-000259
claims_a,MB44438762,member,M-000749
claims_a,MB92422327,member,M-002026
claims_a,MB01693222,member,M-001095
claims_a,MB94051987,member,M-002053
claims_a,MB37465789,member,M-001916
claims_a,MB21009452,member,M-000169
claims_a,MB63481353,member,M-000045
claims_a,MB03329148,member,M-001755
claims_a,MB24609232,member,M-001282
claims_a,MB70846080,member,M-002033
claims_a,MB92374176,member,M-002346
claims_a,MB94969231,member,M-002296
claims_a,MB62423883,member,M-000678
claims_a,MB24073380,member,M-000081
claims_a,MB01335293,member,M-001713
claims_a,MB13346779,member,M-002052
claims_a,MB48966946,member,M-000014
claims_a,MB00613380,member,M-001394
claims_a,MB63070585,member,M-000170
claims_a,MB56528833,member,M-001551
claims_a,MB97710595,member,M-001471
claims_a,MB49264742,member,M-002097
claims_a,MB11171324,member,M-001960
claims_a,MB80048179,member,M-001295
claims_a,MB65964394,member,M-001762
claims_a,MB80559564,member,M-000754
claims_a,MB02132081,member,M-001674
claims_a,MB09893106,member,M-000744
claims_a,MB61127098,member,M-001741
claims_a,MB64243595,member,M-001284
claims_a,MB95746990,member,M-000714
claims_a,MB97529576,member,M-000860
claims_a,MB67560039,member,M-002281
claims_a,MB81014793,member,M-002073
claims_a,MB68495121,member,M-001781
claims_a,MB75825317,member,M-001253
claims_a,MB78135616,member,M-001144
claims_a,MB59096899,member,M-000205
claims_a,MB67388734,member,M-002273
claims_a,MB94101212,member,M-002034
claims_a,MB29735904,member,M-000257
claims_a,MB43359494,member,M-002192
claims_a,MB78863127,member,M-000771
claims_a,MB38260712,member,M-001399
claims_a,MB70368504,member,M-000784
claims_a,MB57653606,member,M-000591
claims_a,MB97854904,member,M-000047
claims_a,MB82950779,member,M-000328
claims_a,MB24146337,member,M-002324
claims_a,MB73569939,member,M-000841
claims_a,MB34926669,member,M-001632
claims_a,MB88520663,member,M-001220
claims_a,MB20144023,member,M-000674
claims_a,MB11402740,member,M-000282
claims_a,MB35729141,member,M-001612
claims_a,MB49755172,member,M-000515
claims_a,MB33742830,member,M-000153
claims_a,MB24680787,member,M-001063
claims_a,MB55691824,member,M-001763
claims_a,MB47606004,member,M-002264
claims_a,MB73302419,member,M-001458
claims_a,MB49338378,member,M-001605
claims_a,MB14670297,member,M-001237
claims_a,MB46440312,member,M-000916
claims_a,MB02188077,member,M-001140
claims_a,MB66669607,member,M-000224
claims_a,MB53359331,member,M-001467
claims_a,MB11828592,member,M-000296
claims_a,MB18050706,member,M-001539
claims_a,MB01649277,member,M-000673
claims_a,MB20356881,member,M-001943
claims_a,MB05613827,member,M-001204
claims_a,MB88614357,member,M-002000
claims_a,MB00969945,member,M-001991
claims_a,MB92051321,member,M-001247
claims_a,MB40303435,member,M-001246
claims_a,MB90197485,member,M-000493
claims_a,MB98625200,member,M-002387
claims_a,MB74759271,member,M-001620
claims_a,MB53773642,member,M-001009
claims_a,MB49203071,member,M-000830
claims_a,MB15374874,member,M-000027
claims_a,MB38013916,member,M-001962
claims_a,MB54664494,member,M-001519
claims_a,MB76740966,member,M-001743
claims_a,MB36602780,member,M-001574
claims_a,MB41302939,member,M-001373
claims_a,MB82906016,member,M-000838
claims_a,MB90713544,member,M-000437
claims_a,MB53069304,member,M-001753
claims_a,MB95189821,member,M-002112
claims_a,MB55838294,member,M-000853
claims_a,MB57496675,member,M-002276
claims_a,MB20922844,member,M-002210
claims_a,MB15437721,member,M-002122
claims_a,MB10570029,member,M-002230
claims_a,MB73489212,member,M-001747
claims_a,MB29334741,member,M-001933
claims_a,MB57985905,member,M-000178
claims_a,MB60797197,member,M-001298
claims_a,MB14883373,member,M-000286
claims_a,MB62309982,member,M-001914
claims_a,MB43231088,member,M-000622
claims_a,MB08883684,member,M-000019
claims_a,MB93333735,member,M-001311
claims_a,MB07504382,member,M-000978
claims_a,MB33321320,member,M-000675
claims_a,MB76726461,member,M-000311
claims_a,MB73089925,member,M-000173
claims_a,MB83623280,member,M-001171
claims_a,MB28874646,member,M-000280
claims_a,MB63919907,member,M-002364
claims_a,MB61928212,member,M-001877
claims_a,MB88013189,member,M-001125
claims_a,MB34160831,member,M-000992
claims_a,MB20807167,member,M-001114
claims_a,MB11669195,member,M-002088
claims_a,MB25805259,member,M-000438
claims_a,MB18392710,member,M-000422
claims_a,MB72804407,member,M-001428
claims_a,MB86592295,member,M-000374
claims_a,MB26770527,member,M-000451
claims_a,MB02047721,member,M-001271
claims_a,MB56135725,member,M-002085
claims_a,MB30484663,member,M-001075
claims_a,MB17151649,member,M-001659
claims_a,MB18223512,member,M-001310
claims_a,MB27713235,member,M-001895
claims_a,MB95347796,member,M-000890
claims_a,MB81734598,member,M-000031
claims_a,MB41819114,member,M-001091
claims_a,MB36114740,member,M-001030
claims_a,MB57834613,member,M-002234
claims_a,MB57293719,member,M-001976
claims_a,MB89482259,member,M-001101
claims_a,MB47146562,member,M-001547
claims_a,MB93553800,member,M-001793
claims_a,MB73914523,member,M-001575
claims_a,MB81932582,member,M-001784
claims_a,MB79010042,member,M-000825
claims_a,MB68089422,member,M-001703
claims_a,MB19588118,member,M-001615
claims_a,MB57914523,member,M-000989
claims_a,MB78213973,member,M-000320
claims_a,MB45667651,member,M-000007
claims_a,MB20270856,member,M-000525
claims_a,MB39658873,member,M-001660
claims_a,MB10926356,member,M-001854
claims_a,MB78634827,member,M-000548
claims_a,MB60062404,member,M-001139
claims_a,MB30885447,member,M-002196
claims_a,MB33734435,member,M-000902
claims_a,MB02111482,member,M-000527
claims_a,MB94143874,member,M-000621
claims_a,MB77781432,member,M-002397
claims_a,MB33077929,member,M-000549
claims_a,MB21204188,member,M-000632
claims_a,MB64929189,member,M-001001
claims_a,MB06818112,member,M-000072
claims_a,MB00404729,member,M-000480
claims_a,MB05864298,member,M-000330
claims_a,MB62458605,member,M-001431
claims_a,MB41343854,member,M-001294
claims_a,MB13253224,member,M-001768
claims_a,MB68808477,member,M-001322
claims_a,MB53541768,member,M-001648
claims_a,MB18790705,member,M-000953
claims_a,MB03296743,member,M-000581
claims_a,MB38833650,member,M-000619
claims_a,MB66532158,member,M-001682
claims_a,MB88889317,member,M-001786
claims_a,MB92149351,member,M-000646
claims_a,MB65539501,member,M-002383
claims_a,MB42252354,member,M-001714
claims_a,MB59622247,member,M-001470
claims_a,MB63844258,member,M-001520
claims_a,MB46420476,member,M-000544
claims_a,MB69634938,member,M-001862
claims_a,MB06280294,member,M-002333
claims_a,MB09391725,member,M-000092
claims_a,MB47194894,member,M-001492
claims_a,MB15881472,member,M-002365
claims_a,MB59804203,member,M-001469
claims_a,MB14716857,member,M-000024
claims_a,MB56306216,member,M-001487
claims_a,MB46309454,member,M-000970
claims_a,MB54914054,member,M-000571
claims_a,MB12684373,member,M-000318
claims_a,MB72723772,member,M-001757
claims_a,MB84989976,member,M-000299
claims_a,MB30317902,member,M-001558
claims_a,MB87826062,member,M-002139
claims_a,MB50103798,member,M-000354
claims_a,MB93079853,member,M-002197
claims_a,MB07148018,member,M-000340
claims_a,MB93480498,member,M-000242
claims_a,MB27409946,member,M-001952
claims_a,MB29633659,member,M-000940
claims_a,MB71182864,member,M-000032
claims_a,MB49411699,member,M-001439
claims_a,MB37207440,member,M-001482
claims_a,MB57503414,member,M-000022
claims_a,MB37338124,member,M-000006
claims_a,MB30095669,member,M-001656
claims_a,MB59118721,member,M-000160
claims_a,MB22928708,member,M-000755
claims_a,MB10460758,member,M-000638
claims_a,MB03143613,member,M-001725
claims_a,MB33446826,member,M-000107
claims_a,MB52324272,member,M-001068
claims_a,MB91461639,member,M-001098
claims_a,MB16726926,member,M-000093
claims_a,MB15747238,member,M-002055
claims_a,MB98594487,member,M-001839
claims_a,MB40673953,member,M-001538
claims_a,MB76113817,member,M-001985
claims_a,MB01118688,member,M-002399
claims_a,MB25529779,member,M-001263
claims_a,MB66616115,member,M-001442
claims_a,MB60394210,member,M-001879
claims_a,MB49616555,member,M-001454
claims_a,MB40113698,member,M-001369
claims_a,MB60726434,member,M-000585
claims_a,MB81415657,member,M-000037
claims_a,MB79047551,member,M-000732
claims_a,MB95012811,member,M-000665
claims_a,MB61836850,member,M-001024
claims_a,MB56682016,member,M-000640
claims_a,MB99125431,member,M-001048
claims_a,MB17513454,member,M-002138
claims_a,MB61410640,member,M-001203
claims_a,MB72079745,member,M-000913
claims_a,MB53995920,member,M-001563
claims_a,MB94983411,member,M-000911
claims_a,MB80048665,member,M-000025
claims_a,MB60945449,member,M-001115
claims_a,MB48258264,member,M-000466
claims_a,MB58549800,member,M-001687
claims_a,MB99595101,member,M-000292
claims_a,MB72248455,member,M-002022
claims_a,MB19950518,member,M-002189
claims_a,MB85682794,member,M-002301
claims_a,MB06927215,member,M-000189
claims_a,MB27636546,member,M-001554
claims_a,MB12952493,member,M-001505
claims_a,MB03670974,member,M-001598
claims_a,MB22145548,member,M-000748
claims_a,MB98563672,member,M-002266
claims_a,MB25186888,member,M-002270
claims_a,MB55446317,member,M-000814
claims_a,MB85335496,member,M-001776
claims_a,MB45119729,member,M-001156
claims_a,MB11052218,member,M-000921
claims_a,MB53423225,member,M-000377
claims_a,MB35507920,member,M-000172
claims_a,MB14012339,member,M-002219
claims_a,MB77181563,member,M-000349
claims_a,MB78710632,member,M-001831
claims_a,MB48486215,member,M-001516
claims_a,MB76893142,member,M-001186
claims_a,MB67082048,member,M-001881
claims_a,MB88380502,member,M-001977
claims_a,MB40643870,member,M-000306
claims_a,MB70576741,member,M-001610
claims_a,MB11631697,member,M-000143
claims_a,MB42481834,member,M-001552
claims_a,MB29364802,member,M-002359
claims_a,MB92044391,member,M-002390
claims_a,MB86516297,member,M-002051
claims_a,MB20774029,member,M-000997
claims_a,MB82423989,member,M-000710
claims_a,MB63697356,member,M-000789
claims_a,MB35279000,member,M-001042
claims_a,MB90213341,member,M-000880
claims_a,MB80525899,member,M-001814
claims_a,MB57722445,member,M-001161
claims_a,MB88349411,member,M-001759
claims_a,MB90297353,member,M-000479
claims_a,MB30214026,member,M-000792
claims_a,MB65718640,member,M-000602
claims_a,MB49125302,member,M-002143
claims_a,MB96539316,member,M-000109
claims_a,MB82716588,member,M-002093
claims_a,MB67621275,member,M-002151
claims_a,MB46676884,member,M-000486
claims_a,MB20509175,member,M-000115
claims_a,MB48345978,member,M-002001
claims_a,MB83366096,member,M-001863
claims_a,MB35596211,member,M-000739
claims_a,MB24049971,member,M-002240
claims_a,MB63733841,member,M-001586
claims_a,MB45642455,member,M-001367
claims_a,MB56857416,member,M-002212
claims_a,MB33322272,member,M-000409
claims_a,MB91384912,member,M-001717
claims_a,MB51883966,member,M-000791
claims_a,MB55686049,member,M-001946
claims_a,MB23955951,member,M-001029
claims_a,MB66505939,member,M-002098
claims_a,MB98129162,member,M-000459
claims_a,MB95746805,member,M-000806
claims_a,MB27365878,member,M-000433
claims_a,MB85110541,member,M-000546
claims_a,MB99713959,member,M-001084
claims_a,MB45461591,member,M-000232
claims_a,MB42047653,member,M-001816
claims_a,MB09150490,member,M-000912
claims_a,MB37038339,member,M-001142
claims_a,MB90884102,member,M-000587
claims_a,MB12120246,member,M-000234
claims_a,MB53826716,member,M-000053
claims_a,MB64894729,member,M-000962
claims_a,MB88848098,member,M-000832
claims_a,MB10443030,member,M-000737
claims_a,MB62464258,member,M-000467
claims_a,MB24220459,member,M-000367
claims_a,MB56925051,member,M-001312
claims_a,MB66960098,member,M-000711
claims_a,MB10598952,member,M-000215
claims_a,MB00187899,member,M-002156
claims_a,MB89300492,member,M-000271
claims_a,MB55325058,member,M-001076
claims_a,MB54806853,member,M-002158
claims_a,MB53896091,member,M-001134
claims_a,MB59453211,member,M-001096
claims_a,MB90667566,member,M-000898
claims_a,MB32917490,member,M-002299
claims_a,MB41936181,member,M-000272
claims_a,MB94857204,member,M-001389
claims_a,MB65299245,member,M-002305
claims_a,MB01783979,member,M-001940
claims_a,MB90890722,member,M-001614
claims_a,MB19825571,member,M-000727
claims_a,MB44910261,member,M-001706
claims_a,MB00072871,member,M-001779
claims_a,MB15132198,member,M-000653
claims_a,MB65845287,member,M-001477
claims_a,MB62532267,member,M-001515
claims_a,MB03718391,member,M-001572
claims_a,MB55800998,member,M-001707
claims_a,MB18083446,member,M-001110
claims_a,MB33358157,member,M-001999
claims_a,MB58809216,member,M-000854
claims_a,MB73356206,member,M-000522
claims_a,MB18782825,member,M-001371
claims_a,MB00497109,member,M-001362
claims_a,MB70638102,member,M-000728
claims_a,MB16206185,member,M-001385
claims_a,MB58558918,member,M-001968
claims_a,MB65987111,member,M-001951
claims_a,MB21881401,member,M-001494
claims_a,MB65269412,member,M-002253
claims_a,MB09901281,member,M-002205
claims_a,MB68228715,member,M-001004
claims_a,MB86942366,member,M-002071
claims_a,MB61012513,member,M-002254
claims_a,MB37877173,member,M-002220
claims_a,MB32117961,member,M-000191
claims_a,MB47287718,member,M-000225
claims_a,MB10523679,member,M-001057
claims_a,MB03922081,member,M-002010
claims_a,MB38789478,member,M-000439
claims_a,MB85714702,member,M-001132
claims_a,MB39379055,member,M-002061
claims_a,MB60269093,member,M-000766
claims_a,MB15492573,member,M-000069
claims_a,MB80465529,member,M-001012
claims_a,MB77902618,member,M-001580
claims_a,MB54888712,member,M-001864
claims_a,MB46217844,member,M-000824
claims_a,MB87603904,member,M-002217
claims_a,MB38521233,member,M-002187
claims_a,MB80801586,member,M-000004
claims_a,MB76634749,member,M-001579
claims_a,MB01785713,member,M-001670
claims_a,MB66265010,member,M-001517
claims_a,MB92479309,member,M-001889
claims_a,MB43299069,member,M-000730
claims_a,MB22364326,member,M-001555
claims_a,MB30277197,member,M-001184
claims_a,MB55857931,member,M-000164
claims_a,MB25212337,member,M-001878
claims_a,MB28290610,member,M-000922
claims_a,MB30547349,member,M-000085
claims_a,MB72634888,member,M-000897
claims_a,MB17590313,member,M-002336
claims_a,MB46239991,member,M-000391
claims_a,MB81913332,member,M-001356
claims_a,MB71110769,member,M-000990
claims_a,MB63102032,member,M-001094
claims_a,MB80747752,member,M-002021
claims_a,MB50226379,member,M-001261
claims_a,MB20224423,member,M-001090
claims_a,MB90301937,member,M-001345
claims_a,MB62732043,member,M-000122
claims_a,MB86300902,member,M-000304
claims_a,MB09795032,member,M-002249
claims_a,MB75910136,member,M-001483
claims_a,MB92291478,member,M-001937
claims_a,MB87580116,member,M-002298
claims_a,MB65432046,member,M-001283
claims_a,MB43796105,member,M-001447
claims_a,MB43406567,member,M-001353
claims_a,MB30301728,member,M-002076
claims_a,MB47794571,member,M-001527
claims_a,MB58291349,member,M-001150
claims_a,MB56192230,member,M-000885
claims_a,MB82894635,member,M-002121
claims_a,MB74804948,member,M-001191
claims_a,MB98693352,member,M-001097
claims_a,MB91349351,member,M-000999
claims_a,MB06351040,member,M-001450
claims_a,MB34363268,member,M-002241
claims_a,MB77844239,member,M-000098
claims_a,MB52286305,member,M-002081
claims_a,MB67172936,member,M-000813
claims_a,MB27198033,member,M-001382
claims_a,MB85443567,member,M-002194
claims_a,MB19898606,member,M-001228
claims_a,MB31567079,member,M-002198
claims_a,MB36439333,member,M-002149
claims_a,MB20162191,member,M-002186
claims_a,MB81917334,member,M-000144
claims_a,MB37385696,member,M-000050
claims_a,MB87260863,member,M-000128
claims_a,MB61043277,member,M-002238
claims_a,MB62199925,member,M-001677
claims_a,MB39916439,member,M-000751
claims_a,MB98812961,member,M-000882
claims_a,MB03278320,member,M-000102
claims_a,MB16505688,member,M-001783
claims_a,MB19175605,member,M-001745
claims_a,MB50516391,member,M-001792
claims_a,MB20073763,member,M-000986
claims_a,MB53991141,member,M-000494
claims_a,MB61469875,member,M-001179
claims_a,MB23705307,member,M-001368
claims_a,MB14236463,member,M-001641
claims_a,MB71624345,member,M-001456
claims_a,MB57889258,member,M-001613
claims_a,MB80447099,member,M-000196
claims_a,MB68386961,member,M-000651
claims_a,MB46017729,member,M-000886
claims_a,MB11783647,member,M-001185
claims_a,MB77132010,member,M-001285
claims_a,MB97460687,member,M-001017
claims_a,MB67108989,member,M-002118
claims_a,MB23889703,member,M-000926
claims_a,MB80961645,member,M-000565
claims_a,MB96917555,member,M-000029
claims_a,MB87980930,member,M-000302
claims_a,MB78108751,member,M-000626
claims_a,MB10666936,member,M-002089
claims_a,MB99041044,member,M-001941
claims_a,MB86926431,member,M-000238
claims_a,MB75067208,member,M-002216
claims_a,MB84535600,member,M-001885
claims_a,MB56196330,member,M-001836
claims_a,MB40098215,member,M-002307
claims_a,MB13453152,member,M-002170
claims_a,MB88605814,member,M-001296
claims_a,MB04325890,member,M-000613
claims_a,MB39542951,member,M-001323
claims_a,MB94457033,member,M-000592
claims_a,MB61021210,member,M-000965
claims_a,MB80977513,member,M-001830
claims_a,MB41660066,member,M-001280
claims_a,MB36366259,member,M-001391
claims_a,MB42209421,member,M-000540
claims_a,MB17870584,member,M-000643
claims_a,MB21072888,member,M-001181
claims_a,MB95399141,member,M-000586
claims_a,MB50460287,member,M-001350
claims_a,MB58238367,member,M-000536
claims_a,MB20163227,member,M-002400
claims_a,MB87813295,member,M-000414
claims_a,MB46616029,member,M-001561
claims_a,MB09976458,member,M-000523
claims_a,MB72909480,member,M-000067
claims_a,MB50929647,member,M-000017
claims_a,MB55265613,member,M-001054
claims_a,MB26798789,member,M-001031
claims_a,MB36484819,member,M-000851
claims_a,MB63574016,member,M-001708
claims_a,MB54123845,member,M-000416
claims_a,MB16955763,member,M-002293
claims_a,MB12514663,member,M-001888
claims_a,MB53108878,member,M-000563
claims_a,MB13554707,member,M-000773
claims_a,MB38526473,member,M-001570
claims_a,MB86718276,member,M-001211
claims_a,MB52113377,member,M-000805
claims_a,MB27246265,member,M-001859
claims_a,MB69366056,member,M-000765
claims_a,MB65359668,member,M-001388
claims_a,MB28944689,member,M-000345
claims_a,MB85206855,member,M-000627
claims_a,MB64657836,member,M-000800
claims_a,MB32472381,member,M-000788
claims_a,MB24936450,member,M-001313
claims_a,MB60614013,member,M-001206
claims_a,MB35059710,member,M-000088
claims_a,MB49555330,member,M-000076
claims_a,MB85158087,member,M-002125
claims_a,MB35047967,member,M-000745
claims_a,MB23297540,member,M-002211
claims_a,MB37162866,member,M-000801
claims_a,MB84586329,member,M-000928
claims_a,MB55491233,member,M-001288
claims_a,MB73882978,member,M-001234
claims_a,MB58749047,member,M-000849
claims_a,MB15766039,member,M-000193
claims_a,MB19481680,member,M-001338
claims_a,MB32580349,member,M-000557
claims_a,MB08625158,member,M-001989
claims_a,MB72446804,member,M-000327
claims_a,MB13560284,member,M-002373
claims_a,MB48262270,member,M-001957
claims_a,MB49022249,member,M-002206
claims_a,MB34295247,member,M-000289
claims_a,MB36953423,member,M-001113
claims_a,MB80010054,member,M-001277
claims_a,MB09742790,member,M-000931
claims_a,MB60924933,member,M-001804
claims_a,MB41546065,member,M-002237
claims_a,MB90636039,member,M-001343
claims_a,MB10085710,member,M-002355
claims_a,MB27226295,member,M-001223
claims_a,MB93230242,member,M-001235
claims_a,MB87223468,member,M-001055
claims_a,MB61276220,member,M-001073
claims_a,MB93665059,member,M-000529
claims_a,MB11382241,member,M-002184
claims_a,MB08373492,member,M-001354
claims_a,MB85847718,member,M-002154
claims_a,MB60239684,member,M-001339
claims_a,MB98807658,member,M-001518
claims_a,MB25427499,member,M-002369
claims_a,MB87074691,member,M-001721
claims_a,MB39258091,member,M-001176
claims_a,MB15014631,member,M-000033
claims_a,MB85125977,member,M-000071
claims_a,MB15704681,member,M-001021
claims_a,MB34716747,member,M-000790
claims_a,MB52731823,member,M-001154
claims_a,MB85545512,member,M-001825
claims_a,MB69786361,member,M-001533
claims_a,MB55510043,member,M-001162
claims_a,MB08572753,member,M-000669
claims_a,MB37231423,member,M-002066
claims_a,MB30554079,member,M-000927
claims_a,MB76914689,member,M-001748
claims_a,MB29009455,member,M-002271
claims_a,MB30143583,member,M-002202
claims_a,MB21361812,member,M-000110
claims_a,MB86615201,member,M-001972
claims_a,MB31025808,member,M-000845
claims_a,MB40883024,member,M-002386
claims_a,MB34603983,member,M-001025
claims_a,MB99513114,member,M-000938
claims_a,MB26884696,member,M-001869
claims_a,MB27868462,member,M-000695
claims_a,MB80070438,member,M-000089
claims_a,MB98116677,member,M-000142
claims_a,MB09189076,member,M-001085
claims_a,MB79415412,member,M-000681
claims_a,MB55149958,member,M-000976
claims_a,MB23357554,member,M-000096
claims_a,MB30208616,member,M-002029
claims_a,MB34738319,member,M-000704
claims_a,MB76569490,member,M-001145
claims_a,MB42211967,member,M-000648
claims_a,MB71500378,member,M-001566
claims_a,MB56828640,member,M-000324
claims_a,MB28345472,member,M-000829
claims_a,MB03867648,member,M-000855
claims_a,MB32981324,member,M-000519
claims_a,MB00011484,member,M-002060
claims_a,MB44087376,member,M-000323
claims_a,MB54811239,member,M-001584
claims_a,MB80505645,member,M-000987
claims_a,MB28437423,member,M-001170
claims_a,MB24517408,member,M-001765
claims_a,MB80512805,member,M-001935
claims_a,MB55453803,member,M-001789
claims_a,MB87283256,member,M-002046
claims_a,MB43883276,member,M-001532
claims_a,MB84695784,member,M-000817
claims_a,MB15601471,member,M-000476
claims_a,MB45511258,member,M-000420
claims_a,MB07224328,member,M-001066
claims_a,MB99707808,member,M-000154
claims_a,MB22969985,member,M-002334
claims_a,MB86914605,member,M-002167
claims_a,MB91193599,member,M-002040
claims_a,MB55144861,member,M-001893
claims_a,MB68806311,member,M-001874
claims_a,MB68891441,member,M-000793
claims_a,MB67913458,member,M-001262
claims_a,MB60495821,member,M-001045
claims_a,MB94049898,member,M-000837
claims_a,MB05909601,member,M-001266
claims_a,MB81509842,member,M-002320
claims_a,MB21212522,member,M-001401
claims_a,MB04631527,member,M-001971
claims_a,MB12119391,member,M-000309
claims_a,MB04323017,member,M-001884
claims_a,MB80473708,member,M-001820
claims_a,MB92711085,member,M-001104
claims_a,MB53769608,member,M-001366
claims_a,MB22955139,member,M-002375
claims_a,MB73226170,member,M-000401
claims_a,MB26332415,member,M-000518
claims_a,MB15808361,member,M-000812
claims_a,MB07698469,member,M-000371
claims_a,MB76391152,member,M-001645
claims_a,MB24194479,member,M-000325
claims_a,MB85700705,member,M-001100
claims_a,MB44793758,member,M-002367
claims_a,MB13553285,member,M-000836
claims_a,MB36501299,member,M-000692
claims_a,MB38851599,member,M-000455
claims_a,MB51198088,member,M-001819
claims_a,MB55559839,member,M-001252
claims_a,MB63308406,member,M-000717
claims_a,MB68299645,member,M-000194
claims_a,MB68870570,member,M-001828
claims_a,MB49805178,member,M-000506
claims_a,MB26757737,member,M-000129
claims_a,MB23637158,member,M-002166
claims_a,MB63242092,member,M-001169
claims_a,MB19949181,member,M-000957
claims_a,MB92408696,member,M-000733
claims_a,MB40924657,member,M-001549
claims_a,MB62363359,member,M-000108
claims_a,MB67543749,member,M-002377
claims_a,MB06409704,member,M-001921
claims_a,MB29013196,member,M-001407
claims_a,MB73832717,member,M-000185
claims_a,MB67575794,member,M-001697
claims_a,MB74386123,member,M-000555
claims_a,MB70106555,member,M-001992
claims_a,MB96526032,member,M-002011
claims_a,MB12240547,member,M-000637
claims_a,MB96980015,member,M-002209
claims_a,MB24800996,member,M-001506
claims_a,MB66479831,member,M-000609
claims_a,MB42752377,member,M-000424
claims_a,MB88855162,member,M-001064
claims_a,MB32483531,member,M-000572
claims_a,MB38568210,member,M-001557
claims_a,MB34461808,member,M-002058
claims_a,MB60467027,member,M-000165
claims_a,MB45538076,member,M-001374
claims_a,MB34224936,member,M-000505
claims_a,MB26054020,member,M-000156
claims_a,MB80772485,member,M-002329
claims_a,MB58011418,member,M-001047
claims_a,MB41313669,member,M-001966
claims_a,MB19090631,member,M-000174
claims_a,MB54867187,member,M-001987
claims_a,MB46109986,member,M-001321
claims_a,MB00225283,member,M-002019
claims_a,MB21983035,member,M-001199
claims_a,MB67005685,member,M-000020
claims_a,MB88221829,member,M-000684
claims_a,MB36619573,member,M-000458
claims_a,MB66306502,member,M-000386
claims_a,MB48442674,member,M-001126
claims_a,MB93155137,member,M-001290
claims_a,MB34392446,member,M-000131
claims_a,MB04352961,member,M-001229
claims_a,MB88723294,member,M-000757
claims_a,MB50601468,member,M-002014
claims_a,MB25748341,member,M-000095
claims_a,MB82874006,member,M-000210
claims_a,MB42018286,member,M-000293
claims_a,MB82266282,member,M-001628
claims_a,MB90890014,member,M-000699
claims_a,MB57992341,member,M-001904
claims_a,MB37393469,member,M-000086
claims_a,MB46828593,member,M-002079
claims_a,MB85380301,member,M-001297
claims_a,MB51196706,member,M-000758
claims_a,MB16050250,member,M-001484
claims_a,MB91545441,member,M-000078
claims_a,MB93109622,member,M-001936
claims_a,MB80869462,member,M-000887
claims_a,MB46095437,member,M-000313
claims_a,MB65826121,member,M-002062
claims_a,MB72199509,member,M-000502
claims_a,MB54262755,member,M-001525
claims_a,MB31692809,member,M-001571
claims_a,MB21856387,member,M-001739
claims_a,MB02334156,member,M-002384
claims_a,MB65534015,member,M-002103
claims_a,MB32787299,member,M-000066
claims_a,MB75751409,member,M-000123
claims_a,MB10135622,member,M-000624
claims_a,MB61694016,member,M-001537
claims_a,MB80128603,member,M-001770
claims_a,MB92057075,member,M-000932
claims_a,MB84498056,member,M-001657
claims_a,MB85836028,member,M-001074
claims_a,MB41395350,member,M-000287
claims_a,MB01928845,member,M-002272
claims_a,MB46223620,member,M-001979
claims_a,MB19829822,member,M-001568
claims_a,MB96963185,member,M-000645
claims_a,MB77162674,member,M-001019
claims_a,MB28799154,member,M-000380
claims_a,MB93725349,member,M-001997
claims_a,MB14781783,member,M-001404
claims_a,MB76397676,member,M-000175
claims_a,MB12009789,member,M-001105
claims_a,MB13556182,member,M-000013
claims_a,MB15745913,member,M-000510
claims_a,MB20157712,member,M-002228
claims_a,MB99451183,member,M-000279
claims_a,MB40926285,member,M-001744
claims_a,MB55757342,member,M-000478
claims_a,MB19226889,member,M-000278
claims_a,MB88184081,member,M-001915
claims_a,MB50040550,member,M-001468
claims_a,MB55243509,member,M-000620
claims_a,MB71954780,member,M-000998
claims_a,MB87139443,member,M-000239
claims_a,MB12993840,member,M-000408
claims_a,MB68227286,member,M-000883
claims_a,MB92429612,member,M-001238
claims_a,MB80839556,member,M-001151
claims_a,MB91014040,member,M-001531
claims_a,MB78387434,member,M-000517
claims_a,MB96216432,member,M-000925
claims_a,MB61694994,member,M-000436
claims_a,MB81406527,member,M-000981
claims_a,MB98772543,member,M-001754
claims_a,MB42860106,member,M-002350
claims_a,MB07028380,member,M-000317
claims_a,MB43632879,member,M-001056
claims_a,MB32275631,member,M-000542
claims_a,MB91267759,member,M-001780
claims_a,MB42965968,member,M-002332
claims_a,MB92347655,member,M-000428
claims_a,MB40550084,member,M-000220
claims_a,MB90986021,member,M-002032
claims_a,MB73851788,member,M-001138
claims_a,MB45929418,member,M-001291
claims_a,MB14762625,member,M-002074
claims_a,MB29576862,member,M-001462
claims_a,MB64474159,member,M-000892
claims_a,MB63560289,member,M-000130
claims_a,MB11813404,member,M-002345
claims_a,MB27430524,member,M-001953
claims_a,MB31726640,member,M-001591
claims_a,MB90701132,member,M-001822
claims_a,MB22452379,member,M-001334
claims_a,MB85100169,member,M-000935
claims_a,MB59791674,member,M-000477
claims_a,MB59741812,member,M-000382
claims_a,MB32100652,member,M-000332
claims_a,MB35609215,member,M-002395
claims_a,MB80417043,member,M-002145
claims_a,MB10896797,member,M-000168
claims_a,MB08042731,member,M-001942
claims_a,MB11370793,member,M-000322
claims_a,MB11727533,member,M-001465
claims_a,MB76970753,member,M-000441
claims_a,MB30037183,member,M-001281
claims_a,MB22898616,member,M-001070
claims_a,MB96721692,member,M-000398
claims_a,MB66425800,member,M-001633
claims_a,MB13677772,member,M-000701
claims_a,MB76460539,member,M-000060
claims_a,MB36765441,member,M-002394
claims_a,MB68062865,member,M-001832
claims_a,MB91444194,member,M-001640
claims_a,MB49858951,member,M-002218
claims_a,MB37215199,member,M-000251
claims_a,MB83182506,member,M-000872
claims_a,MB40691933,member,M-001796
claims_a,MB80145249,member,M-002265
claims_a,MB60529066,member,M-001616
claims_a,MB88882576,member,M-000435
claims_a,MB97009671,member,M-000672
claims_a,MB82241997,member,M-002348
claims_a,MB30830120,member,M-001413
claims_a,MB68530276,member,M-002063
claims_a,MB85295586,member,M-000601
claims_a,MB16529882,member,M-000647
claims_a,MB51411224,member,M-000774
claims_a,MB60286467,member,M-001187
claims_a,MB27752746,member,M-000964
claims_a,MB07069536,member,M-000677
claims_a,MB57801537,member,M-000290
claims_a,MB77025433,member,M-000707
claims_a,MB61343676,member,M-000878
claims_a,MB23607110,member,M-000106
claims_a,MB62305089,member,M-001821
claims_a,MB93042488,member,M-001838
claims_a,MB43233116,member,M-000260
claims_a,MB23680772,member,M-001955
claims_a,MB45568701,member,M-000298
claims_a,MB09172042,member,M-001509
claims_a,MB22750139,member,M-000558
claims_a,MB30281491,member,M-000233
claims_a,MB20302410,member,M-001630
claims_a,MB24146739,member,M-001241
claims_a,MB65987872,member,M-000863
claims_a,MB79968863,member,M-000472
claims_a,MB55377624,member,M-001405
claims_a,MB20630696,member,M-002107
claims_a,MB54813568,member,M-000094
claims_a,MB69021601,member,M-001514
claims_a,MB98351024,member,M-000521
claims_a,MB88447167,member,M-000046
claims_a,MB01306458,member,M-002382
claims_a,MB29830361,member,M-000810
claims_a,MB77217700,member,M-002090
claims_a,MB26826266,member,M-001652
claims_a,MB45430797,member,M-002042
claims_a,MB19947547,member,M-001631
claims_a,MB47018904,member,M-001272
claims_a,MB08147644,member,M-001684
claims_a,MB74303190,member,M-000762
claims_a,MB50292051,member,M-001585
claims_a,MB85381661,member,M-001851
claims_a,MB53644191,member,M-001683
claims_a,MB08585913,member,M-001899
claims_a,MB07318358,member,M-000158
claims_a,MB57321034,member,M-001133
claims_a,MB64082804,member,M-000463
claims_a,MB15578562,member,M-000582
claims_a,MB50015814,member,M-000269
claims_a,MB38851553,member,M-002120
claims_a,MB55426729,member,M-001595
claims_a,MB85235919,member,M-000395
claims_a,MB40841111,member,M-002130
claims_a,MB41818682,member,M-001497
claims_a,MB74660688,member,M-000274
claims_a,MB11220004,member,M-002173
claims_a,MB80108882,member,M-000618
claims_a,MB50326016,member,M-000919
claims_a,MB71286543,member,M-000058
claims_a,MB55635129,member,M-001475
claims_a,MB78809974,member,M-001472
claims_a,MB43851498,member,M-000229
claims_a,MB87966375,member,M-000804
claims_a,MB99548417,member,M-000664
claims_a,MB38019546,member,M-001273
claims_a,MB21131878,member,M-001014
claims_a,MB94123965,member,M-000083
claims_a,MB19787096,member,M-002024
claims_a,MB26610839,member,M-001607
claims_a,MB13290458,member,M-000243
claims_a,MB76286724,member,M-000655
claims_a,MB77446468,member,M-000162
claims_a,MB28951443,member,M-002027
claims_a,MB25288872,member,M-001495
claims_a,MB18504235,member,M-000600
claims_a,MB59345683,member,M-000099
claims_a,MB02729224,member,M-000353
claims_a,MB48537831,member,M-000011
claims_a,MB71847296,member,M-001365
claims_a,MB98673130,member,M-001603
claims_a,MB58667423,member,M-001081
claims_a,MB49178730,member,M-001545
claims_a,MB72232344,member,M-000141
claims_a,MB24149421,member,M-000569
claims_a,MB32287747,member,M-002363
claims_a,MB74685481,member,M-002340
claims_a,MB91816788,member,M-001383
claims_a,MB27763104,member,M-000870
claims_a,MB93076127,member,M-000276
claims_a,MB49781518,member,M-001623
claims_a,MB61560177,member,M-002267
claims_a,MB77840078,member,M-001873
claims_a,MB52092026,member,M-001855
claims_a,MB05584869,member,M-000611
claims_a,MB09978827,member,M-000539
claims_a,MB21516757,member,M-000338
claims_a,MB45357116,member,M-001249
claims_a,MB97137886,member,M-000319
claims_a,MB88837400,member,M-000910
claims_a,MB75957706,member,M-000223
claims_a,MB37771252,member,M-001493
claims_a,MB63602527,member,M-002041
claims_a,MB67430081,member,M-000715
claims_a,MB14500158,member,M-000740
claims_a,MB00558017,member,M-002287
claims_a,MB91563454,member,M-002245
claims_a,MB99133838,member,M-000155
claims_a,MB84014298,member,M-002159
claims_a,MB59691437,member,M-000552
claims_a,MB39491631,member,M-000150
claims_a,MB67493234,member,M-000392
claims_a,MB26182785,member,M-002005
claims_a,MB00443906,member,M-001364
claims_a,MB83728466,member,M-002280
claims_a,MB14272571,member,M-002174
claims_a,MB77703269,member,M-001815
claims_a,MB48140388,member,M-000246
claims_a,MB79864260,member,M-000059
claims_a,MB71016525,member,M-000026
claims_a,MB10478739,member,M-001736
claims_a,MB52902012,member,M-001205
claims_a,MB46120632,member,M-001060
claims_a,MB31272553,member,M-000250
claims_a,MB74076145,member,M-000588
claims_a,MB48465780,member,M-000654
claims_a,MB71391010,member,M-001438
claims_a,MB21687165,member,M-000074
claims_a,MB27155151,member,M-002175
claims_a,MB10453825,member,M-000676
claims_a,MB87444123,member,M-000181
claims_a,MB26772387,member,M-000360
claims_a,MB36173157,member,M-000180
claims_a,MB88983888,member,M-001175
claims_a,MB61115104,member,M-001086
claims_a,MB15790828,member,M-001270
claims_a,MB44012664,member,M-000368
claims_a,MB07682829,member,M-001996
claims_a,MB56379329,member,M-000138
claims_a,MB22384662,member,M-000852
claims_a,MB59460086,member,M-001135
claims_a,MB55810437,member,M-001965
claims_a,MB49350218,member,M-000671
claims_a,MB19482024,member,M-001190
claims_a,MB81945021,member,M-001392
claims_a,MB75387867,member,M-000270
claims_a,MB86924795,member,M-001422
claims_a,MB25176902,member,M-000188
claims_a,MB83150000,member,M-000945
claims_a,MB40253107,member,M-001562
claims_a,MB13182514,member,M-000779
claims_a,MB52989744,member,M-000764
claims_a,MB73948598,member,M-001461
claims_a,MB22862463,member,M-002349
claims_a,MB08437082,member,M-000963
claims_a,MB06580878,member,M-001230
claims_a,MB55738565,member,M-002179
claims_a,MB52430988,member,M-002226
claims_a,MB53290556,member,M-001065
claims_a,MB08113477,member,M-000526
claims_a,MB98969478,member,M-001326
claims_a,MB43375256,member,M-001646
claims_a,MB45999465,member,M-000850
claims_a,MB53551839,member,M-000038
claims_a,MB11449650,member,M-001217
claims_a,MB50182714,member,M-000875
claims_a,MB68967357,member,M-000906
claims_a,MB14260594,member,M-001358
claims_a,MB66790446,member,M-001224
claims_a,MB53414658,member,M-001980
claims_a,MB64693042,member,M-001959
claims_a,MB02823170,member,M-000040
claims_a,MB52928934,member,M-000689
claims_a,MB24728879,member,M-001840
claims_a,MB95925983,member,M-000342
claims_a,MB96225740,member,M-000726
claims_a,MB94573712,member,M-000903
claims_a,MB77004412,member,M-001459
claims_a,MB88010774,member,M-000363
claims_a,MB26246038,member,M-000562
claims_a,MB64019136,member,M-000118
claims_a,MB40237208,member,M-000426
claims_a,MB53440127,member,M-000388
claims_a,MB57555628,member,M-001711
claims_a,MB43166435,member,M-000512
claims_a,MB62387558,member,M-001772
claims_a,MB62903261,member,M-002086
claims_a,MB57774765,member,M-000578
claims_a,MB05684813,member,M-000370
claims_a,MB85822412,member,M-000001
claims_a,MB14581193,member,M-001887
claims_a,MB16944487,member,M-000204
claims_a,MB48219211,member,M-001370
claims_a,MB92555887,member,M-001147
claims_a,MB11813825,member,M-000866
claims_a,MB48034735,member,M-001841
claims_a,MB12120705,member,M-001578
claims_a,MB81987136,member,M-000877
claims_a,MB13698845,member,M-002362
claims_a,MB05505291,member,M-001340
claims_a,MB33501223,member,M-001601
claims_a,MB77890494,member,M-000310
claims_a,MB65582257,member,M-002044
claims_a,MB31193292,member,M-001929
claims_a,MB15903904,member,M-001849
claims_a,MB59110577,member,M-001842
claims_a,MB53458386,member,M-000541
claims_a,MB82414513,member,M-000960
claims_a,MB39615907,member,M-001412
claims_a,MB99399128,member,M-002017
claims_a,MB59940949,member,M-001003
claims_a,MB94048056,member,M-001044
claims_a,MB36965460,member,M-000775
claims_a,MB59118000,member,M-001165
claims_a,MB73863413,member,M-000051
claims_a,MB87518806,member,M-001341
claims_a,MB48974793,member,M-002311
claims_a,MB77160950,member,M-001022
claims_a,MB54692890,member,M-001773
claims_a,MB23813700,member,M-000905
claims_a,MB19607576,member,M-001093
claims_a,MB42205153,member,M-002326
claims_a,MB26119862,member,M-001808
claims_a,MB17543369,member,M-000690
claims_a,MB57460000,member,M-001415
claims_a,MB52741214,member,M-000691
claims_a,MB21505334,member,M-001593
claims_a,MB17942270,member,M-002113
claims_a,MB81214453,member,M-000375
claims_a,MB85928388,member,M-002255
claims_a,MB13190487,member,M-001342
claims_a,MB61428713,member,M-000359
claims_a,MB46815569,member,M-000440
claims_a,MB46533974,member,M-000666
claims_a,MB91989363,member,M-001541
claims_a,MB40755467,member,M-001695
claims_a,MB57975205,member,M-001811
claims_a,MB59473299,member,M-000780
claims_a,MB04216175,member,M-000042
claims_a,MB04531191,member,M-002322
claims_a,MB73717007,member,M-000471
claims_a,MB66830369,member,M-002006
claims_a,MB15755285,member,M-000614
claims_a,MB32926044,member,M-002325
claims_a,MB70238316,member,M-001077
claims_a,MB29624910,member,M-001124
claims_a,MB32008932,member,M-001372
claims_a,MB03391969,member,M-000894
claims_a,MB41382580,member,M-001922
claims_a,MB29698906,member,M-000516
claims_a,MB07507864,member,M-000018
claims_a,MB15123535,member,M-001397
claims_a,MB66331270,member,M-002193
claims_a,MB69340535,member,M-000147
claims_a,MB19990477,member,M-000423
claims_a,MB68333267,member,M-000421
claims_a,MB08533790,member,M-001577
claims_a,MB37539330,member,M-002160
claims_a,MB63187139,member,M-000808
claims_a,MB46321751,member,M-000200
claims_a,MB13238889,member,M-002140
claims_a,MB65575808,member,M-000148
claims_a,MB23420607,member,M-000252
claims_a,MB32158168,member,M-001995
claims_a,MB86702893,member,M-000705
claims_a,MB40216625,member,M-001883
claims_a,MB05727862,member,M-000767
claims_a,MB81949659,member,M-001702
claims_a,MB53747464,member,M-000297
claims_a,MB42503832,member,M-000551
claims_a,MB97354742,member,M-001511
claims_a,MB39484797,member,M-001302
claims_a,MB10814950,member,M-000114
claims_a,MB92432795,member,M-000176
claims_a,MB75515502,member,M-001240
claims_a,MB86046600,member,M-002342
claims_a,MB46241350,member,M-001163
claims_a,MB43855682,member,M-000661
claims_a,MB52401521,member,M-000054
claims_a,MB47141449,member,M-000742
claims_a,MB05662934,member,M-001837
claims_a,MB68674708,member,M-001218
claims_a,MB37590802,member,M-001853
claims_a,MB10202996,member,M-000545
claims_a,MB79096676,member,M-000881
claims_a,MB39516346,member,M-001210
claims_a,MB04185545,member,M-001304
claims_a,MB80301439,member,M-000993
claims_a,MB59895766,member,M-001222
claims_a,MB02854636,member,M-002335
claims_a,MB21520919,member,M-001596
claims_a,MB26589676,member,M-001159
claims_a,MB00154493,member,M-000187
claims_a,MB92291118,member,M-000105
claims_a,MB17021671,member,M-001327
claims_a,MB00986174,member,M-000798
claims_a,MB89934747,member,M-001308
claims_a,MB52780072,member,M-000412
claims_a,MB86984204,member,M-001548
claims_a,MB01435415,member,M-002091
claims_a,MB25730441,member,M-002142
claims_a,MB50653170,member,M-001923
claims_a,MB74834795,member,M-001000
claims_a,MB70573568,member,M-000713
claims_a,MB46142898,member,M-000761
claims_a,MB95569396,member,M-001221
claims_a,MB64265413,member,M-000975
claims_a,MB86583583,member,M-002323
claims_a,MB00367488,member,M-000842
claims_a,MB17609040,member,M-002233
claims_a,MB02884611,member,M-001845
claims_a,MB65987927,member,M-001521
claims_a,MB94484295,member,M-002203
claims_a,MB44013571,member,M-000462
claims_a,MB06004304,member,M-002064
claims_a,MB64843897,member,M-002100
claims_a,MB55541117,member,M-000265
claims_a,MB65431766,member,M-002030
claims_a,MB13003982,member,M-002135
claims_a,MB38462422,member,M-001269
claims_a,MB00553491,member,M-000823
claims_a,MB92549695,member,M-001809
claims_a,MB15074747,member,M-001460
claims_a,MB75776373,member,M-000249
claims_a,MB58700864,member,M-001658
claims_a,MB04919926,member,M-000956
claims_a,MB92333196,member,M-002378
claims_a,MB70890196,member,M-000473
claims_a,MB33096758,member,M-000561
claims_a,MB95232912,member,M-000383
claims_a,MB58177965,member,M-002398
claims_a,MB09736572,member,M-000064
claims_a,MB85735668,member,M-001352
claims_a,MB93679613,member,M-001491
claims_a,MB23593960,member,M-000454
claims_a,MB63645847,member,M-002141
claims_a,MB83967184,member,M-000636
claims_a,MB27075194,member,M-002222
claims_a,MB64291216,member,M-002165
claims_a,MB40675347,member,M-000778
claims_a,MB20261159,member,M-000305
claims_a,MB98657752,member,M-000082
claims_a,MB71199906,member,M-002185
claims_a,MB47576607,member,M-001728
claims_a,MB89393218,member,M-002380
claims_a,MB53992760,member,M-000659
claims_a,MB51657620,member,M-001426
claims_a,MB17566185,member,M-000063
claims_a,MB67531176,member,M-002385
claims_a,MB82362000,member,M-000747
claims_a,MB97341495,member,M-001347
claims_a,MB52908270,member,M-002168
claims_a,MB31101353,member,M-002164
claims_a,MB59307507,member,M-001226
claims_a,MB76024718,member,M-001560
claims_a,MB02012537,member,M-001930
claims_a,MB48678896,member,M-000245
claims_a,MB80081663,member,M-000937
claims_a,MB72398083,member,M-000230
claims_a,MB93147259,member,M-000212
claims_a,MB32537638,member,M-000567
claims_a,MB51447859,member,M-000821
claims_a,MB36712288,member,M-000818
claims_a,MB18566572,member,M-000023
claims_a,MB19655410,member,M-000301
claims_a,MB44927535,member,M-000564
claims_a,MB81311077,member,M-001588
claims_a,MB40794416,member,M-001726
claims_a,MB74437458,member,M-000068
claims_a,MB50070135,member,M-000532
claims_a,MB43756742,member,M-001909
claims_a,MB41009896,member,M-001600
claims_a,MB86087848,member,M-000861
claims_a,MB88388851,member,M-001522
claims_a,MB33183955,member,M-000111
claims_a,MB47756170,member,M-000547
claims_a,MB14132859,member,M-002248
claims_a,MB67934076,member,M-002059
claims_a,MB03478029,member,M-000378
claims_a,MB95315679,member,M-002389
claims_a,MB42478375,member,M-001239
claims_a,MB04259382,member,M-000482
claims_a,MB99113085,member,M-000904
claims_a,MB50381528,member,M-002045
claims_a,MB99301794,member,M-001478
claims_a,MB54807553,member,M-000183
claims_a,MB46697654,member,M-000596
claims_a,MB24195880,member,M-002251
claims_a,MB44689713,member,M-000509
claims_a,MB79431184,member,M-000397
claims_a,MB02118101,member,M-000254
claims_a,MB79328732,member,M-001543
claims_a,MB80272292,member,M-001944
claims_a,MB36866059,member,M-002339
claims_a,MB33629729,member,M-000896
claims_a,MB47553566,member,M-001621
claims_a,MB40618137,member,M-001260
claims_a,MB61823092,member,M-001251
claims_a,MB78176558,member,M-000465
claims_a,MB53098035,member,M-001207
claims_a,MB85345915,member,M-001006
claims_a,MB70499776,member,M-001346
claims_a,MB49629263,member,M-001330
claims_a,MB77556758,member,M-002191
claims_a,MB41971886,member,M-000410
claims_a,MB95992406,member,M-001690
claims_a,MB24706569,member,M-002261
claims_a,MB15303956,member,M-000873
claims_a,MB72562419,member,M-001357
claims_a,MB75575530,member,M-001782
claims_a,MB12217180,member,M-001764
claims_a,MB90466021,member,M-001013
claims_a,MB27532561,member,M-001720
claims_a,MB53679326,member,M-002315
claims_a,MB13948820,member,M-000923
claims_a,MB03860039,member,M-001499
claims_a,MB63215242,member,M-001406
claims_a,MB29495837,member,M-002312
claims_a,MB83794475,member,M-000261
claims_a,MB68559074,member,M-000983
claims_a,MB25899364,member,M-001109
claims_a,MB64867032,member,M-001857
claims_a,MB60016768,member,M-001299
claims_a,MB57640289,member,M-001994
claims_a,MB28885391,member,M-002065
claims_a,MB04180968,member,M-000258
claims_a,MB05149455,member,M-002126
claims_a,MB13511929,member,M-002304
claims_a,MB88754019,member,M-002352
claims_a,MB58315400,member,M-000663
claims_a,MB49381407,member,M-001609
claims_a,MB15814687,member,M-000995
claims_a,MB85704631,member,M-000236
claims_a,MB86513378,member,M-001107
claims_a,MB75138440,member,M-001573
claims_a,MB18217159,member,M-000381
claims_a,MB70222787,member,M-001120
claims_a,MB62269929,member,M-002284
claims_a,MB31954134,member,M-001581
claims_a,MB76797698,member,M-002289
claims_a,MB18325379,member,M-000604
claims_a,MB75031037,member,M-001111
claims_a,MB44468633,member,M-000811
claims_a,MB40577537,member,M-001182
claims_a,MB77186069,member,M-002057
claims_a,MB83172511,member,M-002243
claims_a,MB49330907,member,M-000469
claims_a,MB84914383,member,M-001379
claims_a,MB60210270,member,M-000344
claims_a,MB75990691,member,M-002146
claims_a,MB95480503,member,M-001691
claims_a,MB56733465,member,M-001958
claims_a,MB56061934,member,M-000294
claims_a,MB65278845,member,M-001699
claims_a,MB36147308,member,M-001643
claims_a,MB44499873,member,M-000706
claims_a,MB80444404,member,M-000979
claims_a,MB32329237,member,M-000034
claims_a,MB37376585,member,M-000043
claims_a,MB76904329,member,M-002049
claims_a,MB77266743,member,M-002039
claims_a,MB14474127,member,M-001812
claims_a,MB65581713,member,M-001969
claims_a,MB40318100,member,M-001148
claims_a,MB55071708,member,M-001602
claims_a,MB11152355,member,M-001420
claims_a,MB53450811,member,M-000566
claims_a,MB20585690,member,M-002288
claims_a,MB05020855,member,M-002229
claims_a,MB64725282,member,M-000988
claims_a,MB72675403,member,M-001034
claims_a,MB77662596,member,M-000967
claims_a,MB66756320,member,M-000867
claims_a,MB00512117,member,M-000753
claims_a,MB50104292,member,M-000599
claims_a,MB04962052,member,M-001722
claims_a,MB02368781,member,M-001938
claims_a,MB30310459,member,M-002353
claims_a,MB71110496,member,M-000685
claims_a,MB75572241,member,M-001653
claims_a,MB54649480,member,M-000782
claims_a,MB30884937,member,M-000291
claims_a,MB95352768,member,M-001061
claims_a,MB25048615,member,M-001112
claims_a,MB41649604,member,M-001897
claims_a,MB62608888,member,M-000407
claims_a,MB17705940,member,M-001625
claims_a,MB67680031,member,M-000418
claims_a,MB41258084,member,M-002286
claims_a,MB67355419,member,M-000971
claims_a,MB86046825,member,M-001599
claims_a,MB66034587,member,M-001087
claims_a,MB21076551,member,M-001704
claims_a,MB18605786,member,M-001424
claims_a,MB94221978,member,M-000734
claims_a,MB08347493,member,M-001735
claims_a,MB86703417,member,M-001082
claims_a,MB57594492,member,M-000275
claims_a,MB84772931,member,M-001716
claims_a,MB80956358,member,M-001466
claims_a,MB65533013,member,M-002242
claims_a,MB37290843,member,M-002361
claims_a,MB95532642,member,M-001305
claims_a,MB21139996,member,M-000384
claims_a,MB72029307,member,M-000475
claims_a,MB08289024,member,M-000474
claims_a,MB49891348,member,M-001136
claims_a,MB95516378,member,M-000686
claims_a,MB54370473,member,M-001671
claims_a,MB37824471,member,M-002183
claims_a,MB97691465,member,M-000487
claims_a,MB92310488,member,M-000996
claims_a,MB17212939,member,M-001801
claims_a,MB35570755,member,M-000207
claims_a,MB15989909,member,M-001536
claims_a,MB74040798,member,M-000387
claims_a,MB73305194,member,M-001315
claims_a,MB99000738,member,M-000615
claims_a,MB85424369,member,M-001738
claims_a,MB37319033,member,M-002330
claims_a,MB44410148,member,M-000116
claims_a,MB85199362,member,M-000182
claims_a,MB96417034,member,M-000405
claims_a,MB18186152,member,M-001486
claims_a,MB17528063,member,M-000630
claims_a,MB44069864,member,M-000946
claims_a,MB81339562,member,M-001798
claims_a,MB21198492,member,M-000450
claims_a,MB07324144,member,M-000652
claims_a,MB15368078,member,M-002283
claims_a,MB69651618,member,M-001737
claims_a,MB44527579,member,M-002176
claims_a,MB37550897,member,M-000712
claims_a,MB67422120,member,M-002124
claims_a,MB32900372,member,M-000682
claims_a,MB37228730,member,M-001507
claims_a,MB86647103,member,M-002070
claims_a,MB12452337,member,M-002303
claims_a,MB19996104,member,M-001751
claims_a,MB70460439,member,M-002128
claims_a,MB07257686,member,M-001948
claims_a,MB26786211,member,M-000084
claims_a,MB31347711,member,M-002002
claims_a,MB25925669,member,M-000461
claims_a,MB88549488,member,M-002009
claims_a,MB71057233,member,M-000528
claims_a,MB85923168,member,M-002075
claims_a,MB72567218,member,M-002008
claims_a,MB15940510,member,M-001742
claims_a,MB02944682,member,M-000222
claims_a,MB73492593,member,M-001564
claims_a,MB30596967,member,M-001802
claims_a,MB52133188,member,M-000720
claims_a,MB00209961,member,M-000350
claims_a,MB10346606,member,M-000972
claims_a,MB67718480,member,M-001622
claims_a,MB49541440,member,M-002188
claims_a,MB86695458,member,M-000939
claims_a,MB19148862,member,M-002083
claims_a,MB81198924,member,M-000781
claims_a,MB86213226,member,M-000390
claims_a,MB93179884,member,M-001500
claims_a,MB92320749,member,M-001481
claims_a,MB81121400,member,M-000511
claims_a,MB09679848,member,M-000924
claims_a,MB50641104,member,M-001749
claims_a,MB59735865,member,M-000639
claims_a,MB37715268,member,M-001627
claims_a,MB42441045,member,M-001490
claims_a,MB28164383,member,M-001501
claims_a,MB46802956,member,M-000796
claims_a,MB93689878,member,M-001907
claims_a,MB46442431,member,M-000394
claims_a,MB82138779,member,M-001195
claims_a,MB99390397,member,M-001664
claims_a,MB78479996,member,M-002054
claims_a,MB24731360,member,M-001351
claims_a,MB62654864,member,M-000411
claims_a,MB40876565,member,M-001209
claims_a,MB76520583,member,M-002223
claims_a,MB13187101,member,M-001264
claims_a,MB86691619,member,M-000149
claims_a,MB35704013,member,M-001709
claims_a,MB77511871,member,M-001880
claims_a,MB91142316,member,M-002099
claims_a,MB82467167,member,M-000396
claims_a,MB56672010,member,M-001083
claims_a,MB06305532,member,M-000900
claims_a,MB19470999,member,M-001332
claims_a,MB58000104,member,M-000590
claims_a,MB72684966,member,M-000683
claims_a,MB88843907,member,M-000284
claims_a,MB16873477,member,M-002269
claims_a,MB43521847,member,M-002163
claims_a,MB70212126,member,M-001498
claims_a,MB35239935,member,M-001157
claims_a,MB11174172,member,M-002068
claims_a,MB98739654,member,M-001160
claims_a,MB12130508,member,M-000211
claims_a,MB63358574,member,M-002133
claims_a,MB32798491,member,M-002392
claims_a,MB12389075,member,M-001974
claims_a,MB81659860,member,M-001137
claims_a,MB28933176,member,M-000285
claims_a,MB18341704,member,M-001963
claims_a,MB58488779,member,M-001629
claims_a,MB15682275,member,M-001626
claims_a,MB77707540,member,M-001232
claims_a,MB82634772,member,M-000446
claims_a,MB28557229,member,M-001931
claims_a,MB39071522,member,M-001891
claims_a,MB50192126,member,M-002321
claims_a,MB35522715,member,M-001355
claims_a,MB49423803,member,M-001654
claims_a,MB66713516,member,M-001259
claims_a,MB93557461,member,M-001005
claims_a,MB98364566,member,M-001947
claims_a,MB57973424,member,M-001155
claims_a,MB30677709,member,M-001046
claims_a,MB78068345,member,M-001485
claims_a,MB92917283,member,M-000538
claims_a,MB15158211,member,M-000856
claims_a,MB75543051,member,M-000163
claims_a,MB35005058,member,M-001696
claims_a,MB38504300,member,M-000343
claims_a,MB61600090,member,M-001898
claims_a,MB10711890,member,M-001988
claims_a,MB49908025,member,M-000635
claims_a,MB56488286,member,M-001597
claims_a,MB57337891,member,M-000499
claims_a,MB91700797,member,M-001118
claims_a,MB29598969,member,M-000607
claims_a,MB96323085,member,M-000369
claims_a,MB91040800,member,M-000333
claims_a,MB88070016,member,M-001644
claims_a,MB43555463,member,M-001102
claims_a,MB29562206,member,M-002391
claims_a,MB94035195,member,M-001590
claims_a,MB78055069,member,M-000151
claims_a,MB88610233,member,M-000491
claims_a,MB50237832,member,M-000267
claims_a,MB45247029,member,M-001925
claims_a,MB49479669,member,M-001892
claims_a,MB24044459,member,M-000961
claims_a,MB49333294,member,M-000642
claims_a,MB62689644,member,M-001954
claims_a,MB02634395,member,M-001679
claims_a,MB94429826,member,M-000468
claims_a,MB22885741,member,M-000430
claims_a,MB74059354,member,M-001800
claims_a,MB15682621,member,M-001257
claims_a,MB86888739,member,M-000794
claims_a,MB60693413,member,M-000700
claims_a,MB86057593,member,M-000336
claims_a,MB07267644,member,M-001037
claims_a,MB27002880,member,M-001245
claims_a,MB14572034,member,M-000985
claims_a,MB26661903,member,M-000839
claims_a,MB54920799,member,M-000815
claims_a,MB24635056,member,M-001950
claims_a,MB12762205,member,M-000266
claims_a,MB79268452,member,M-000984
claims_a,MB54913082,member,M-000605
claims_a,MB91937914,member,M-000402
claims_a,MB20039365,member,M-001255
claims_a,MB56348030,member,M-000347
claims_a,MB50128319,member,M-001408
claims_a,MB03891332,member,M-001275
claims_a,MB49113508,member,M-001043
claims_a,MB68555983,member,M-000670
claims_a,MB37382097,member,M-001526
claims_a,MB76427662,member,M-001680
claims_a,MB06945615,member,M-002300
claims_a,MB09255216,member,M-000137
claims_a,MB13318904,member,M-000167
claims_a,MB17689263,member,M-001279
claims_a,MB14446145,member,M-001661
claims_a,MB09083764,member,M-000352
claims_a,MB38605090,member,M-000443
claims_a,MB79074084,member,M-002396
claims_a,MB93885264,member,M-002004
claims_a,MB05662097,member,M-001099
claims_a,MB48743159,member,M-001062
claims_a,MB86526748,member,M-000942
claims_a,MB59670203,member,M-001794
claims_a,MB82677226,member,M-001248
claims_a,MB56764586,member,M-001436
claims_a,MB25118997,member,M-000709
claims_a,MB05462513,member,M-001387
claims_a,MB07532195,member,M-000213
claims_a,MB63506531,member,M-001325
claims_a,MB97627170,member,M-000300
claims_a,MB83855267,member,M-001752
claims_a,MB80563579,member,M-001007
claims_a,MB49886613,member,M-002204
claims_a,MB55133300,member,M-000202
claims_a,MB14890990,member,M-001799
claims_a,MB57329147,member,M-002180
claims_a,MB68541804,member,M-000579
claims_a,MB70416822,member,M-001236
claims_a,MB76400632,member,M-001900
claims_a,MB50365788,member,M-002306
claims_a,MB84120751,member,M-000112
claims_a,MB65084661,member,M-001331
claims_a,MB50819173,member,M-002077
claims_a,MB20601948,member,M-001919
claims_a,MB10500470,member,M-001318
claims_a,MB68371272,member,M-000087
claims_a,MB09774839,member,M-000103
claims_a,MB07672593,member,M-000057
claims_a,MB67085942,member,M-000348
claims_a,MB13779264,member,M-001681
claims_a,MB34227688,member,M-000908
claims_a,MB63783187,member,M-001587
claims_a,MB87191136,member,M-002279
claims_a,MB17122451,member,M-002082
claims_a,MB19871432,member,M-001635
claims_a,MB48082464,member,M-000253
claims_a,MB37327686,member,M-001227
claims_a,MB15015458,member,M-000075
claims_a,MB03026428,member,M-001464
claims_a,MB21062435,member,M-000862
claims_a,MB11087928,member,M-000366
claims_a,MB40987442,member,M-000166
claims_a,MB54142310,member,M-000828
claims_a,MB60201634,member,M-000484
claims_a,MB88575748,member,M-000199
claims_a,MB66855296,member,M-001639
claims_a,MB99548863,member,M-002309
claims_a,MB89416497,member,M-002114
claims_a,MB96055394,member,M-000816
claims_a,MB66252048,member,M-002370
claims_a,MB44629892,member,M-000356
claims_a,MB76394469,member,M-002207
claims_a,MB11718382,member,M-001440
claims_a,MB39057246,member,M-000958
claims_a,MB67345747,member,M-001867
claims_a,MB10921193,member,M-002003
claims_a,MB69123671,member,M-002092
claims_a,MB20979701,member,M-001542
claims_a,MB90926119,member,M-001846
claims_a,MB06497381,member,M-000631
claims_a,MB80038028,member,M-002319
claims_a,MB58718382,member,M-000662
claims_a,MB73871890,member,M-000152
claims_a,MB81924787,member,M-002235
claims_a,MB95086974,member,M-001619
claims_a,MB71965066,member,M-001934
claims_a,MB61789789,member,M-001143
claims_a,MB84103363,member,M-000954
claims_a,MB85251058,member,M-001785
claims_a,MB40151803,member,M-000219
claims_a,MB15906458,member,M-001611
claims_a,MB83726413,member,M-001667
claims_a,MB97084499,member,M-001875
claims_a,MB04270425,member,M-001122
claims_a,MB66725470,member,M-001381
claims_a,MB38119652,member,M-001173
claims_a,MB52497139,member,M-000580
claims_a,MB21336920,member,M-000783
claims_a,MB71210133,member,M-000262
claims_a,MB80973889,member,M-000697
claims_a,MB16466411,member,M-002302
claims_a,MB32713008,member,M-000195
claims_a,MB75332458,member,M-000899
claims_a,MB73893835,member,M-001861
claims_a,MB23978249,member,M-000030
claims_a,MB61771451,member,M-001642
claims_a,MB51167978,member,M-000203
claims_a,MB72016051,member,M-001376
claims_a,MB06442905,member,M-002347
claims_a,MB99328127,member,M-001723
claims_a,MB00054484,member,M-000097
claims_a,MB20454105,member,M-000947
claims_a,MB55343143,member,M-000868
claims_a,MB51427803,member,M-001333
claims_a,MB37342819,member,M-000625
claims_a,MB43075436,member,M-000917
claims_a,MB38189707,member,M-001731
claims_a,MB31927492,member,M-001225
claims_a,MB08359252,member,M-000434
claims_a,MB75603667,member,M-000644
claims_a,MB33647023,member,M-001529
claims_a,MB48853980,member,M-001430
claims_a,MB10891605,member,M-001790
claims_a,MB13035125,member,M-001129
claims_a,MB27622679,member,M-001760
claims_a,MB14681002,member,M-001540
claims_a,MB77669750,member,M-000133
claims_a,MB15296699,member,M-001698
claims_a,MB95250511,member,M-001896
claims_a,MB38168910,member,M-001231
claims_a,MB94415847,member,M-000722
claims_a,MB43385340,member,M-001618
claims_a,MB82182875,member,M-001059
claims_a,MB46073103,member,M-001168
claims_a,MB38668339,member,M-000346
claims_a,MB40714693,member,M-001193
claims_a,MB90891729,member,M-000797
claims_a,MB78894973,member,M-001823
claims_a,MB78164250,member,M-001733
claims_a,MB52400170,member,M-002291
claims_a,MB09326928,member,M-001890
claims_a,MB39823450,member,M-000056
claims_a,MB50191981,member,M-001198
claims_a,MB96963395,member,M-002105
claims_a,MB68603195,member,M-001036
claims_a,MB72369824,member,M-001320
claims_a,MB35113084,member,M-000857
claims_a,MB21746728,member,M-001692
claims_a,MB30860700,member,M-001026
claims_a,MB93666595,member,M-001158
claims_a,MB74762274,member,M-001700
claims_a,MB60820445,member,M-001400
claims_a,MB05512205,member,M-000136
claims_a,MB50806024,member,M-000010
claims_a,MB93652923,member,M-001153
claims_a,MB76830962,member,M-001729
claims_a,MB24354859,member,M-001767
claims_a,MB64119726,member,M-000161
claims_a,MB53765180,member,M-000703
claims_a,MB16106179,member,M-002047
claims_a,MB37596710,member,M-002239
claims_a,MB66599269,member,M-000365
claims_a,MB33878996,member,M-000531
claims_a,MB90265703,member,M-000496
claims_a,MB75672859,member,M-000680
claims_a,MB99494541,member,M-002136
claims_a,MB52430296,member,M-001886
claims_a,MB08045780,member,M-001727
claims_a,MB96569953,member,M-001949
claims_a,MB68354185,member,M-002148
claims_a,MB75386435,member,M-000379
claims_a,MB19940314,member,M-001852
claims_a,MB28956527,member,M-000657
claims_a,MB34419327,member,M-000444
claims_a,MB51185849,member,M-000221
claims_a,MB95590765,member,M-002260
claims_a,MB84216001,member,M-000227
claims_a,MB63968467,member,M-001197
claims_a,MB75416933,member,M-002015
claims_a,MB89872888,member,M-001292
claims_a,MB23068427,member,M-000295
claims_a,MB02108265,member,M-001309
claims_a,MB34297151,member,M-001592
claims_a,MB65581613,member,M-000520
claims_a,MB75146293,member,M-000079
claims_a,MB29801436,member,M-000339
claims_a,MB78060201,member,M-001730
claims_a,MB31523529,member,M-000101
claims_a,MB19364653,member,M-001583
claims_a,MB64752231,member,M-002037
claims_a,MB43414191,member,M-001213
claims_a,MB87880113,member,M-001174
claims_a,MB47477880,member,M-002111
claims_a,MB98101533,member,M-001314
claims_a,MB35679876,member,M-001993
claims_a,MB22620027,member,M-002096
claims_a,MB19587040,member,M-000559
claims_a,MB70459205,member,M-001982
claims_a,MB18503943,member,M-001871
claims_a,MB26227100,member,M-001833
claims_a,MB60026580,member,M-002056
claims_a,MB11908603,member,M-000738
claims_a,MB33646722,member,M-000943
claims_a,MB30763714,member,M-001032
claims_a,MB35955440,member,M-000610
claims_a,MB43042832,member,M-001117
claims_a,MB29233657,member,M-002150
claims_a,MB28943676,member,M-002231
claims_a,MB80147573,member,M-000248
claims_a,MB07712557,member,M-001010
claims_a,MB71893982,member,M-001027
claims_a,MB04789956,member,M-002372
claims_a,MB62974683,member,M-001078
claims_a,MB53598753,member,M-001912
claims_a,MB20936786,member,M-001166
claims_a,MB36632757,member,M-000120
claims_a,MB95041070,member,M-001452
claims_a,MB27383505,member,M-000404
claims_a,MB42064387,member,M-000595
claims_a,MB30824989,member,M-000489
claims_a,MB53741103,member,M-002215
claims_a,MB66776383,member,M-002236
claims_a,MB68072320,member,M-000955
claims_a,MB13494908,member,M-000449
claims_a,MB88741286,member,M-002095
claims_a,MB03940129,member,M-000668
claims_a,MB15503345,member,M-000756
claims_a,MB37945817,member,M-000171
claims_a,MB04905998,member,M-001265
claims_a,MB24842009,member,M-001668
claims_a,MB40194740,member,M-001872
claims_a,MB28348941,member,M-001306
claims_a,MB70574548,member,M-001123
claims_a,MB12114140,member,M-000724
claims_a,MB52783304,member,M-001715
claims_a,MB33921959,member,M-000834
claims_a,MB39034245,member,M-000826
claims_a,MB65880113,member,M-001650
claims_a,MB18728463,member,M-000002
claims_a,MB06192775,member,M-001267
claims_a,MB50760544,member,M-001850
claims_a,MB34585138,member,M-001183
claims_a,MB33958759,member,M-001504
claims_a,MB75663295,member,M-000303
claims_a,MB40477742,member,M-000135
claims_a,MB46544523,member,M-002308
claims_a,MB04197492,member,M-001121
claims_a,MB14464073,member,M-000879
claims_a,MB06147399,member,M-001378
claims_a,MB19346175,member,M-002201
claims_a,MB69760901,member,M-000687
claims_a,MB35410956,member,M-002381
claims_a,MB03808225,member,M-000399
claims_a,MB49185834,member,M-001512
claims_a,MB71802559,member,M-001088
claims_a,MB78335942,member,M-002317
claims_a,MB43751263,member,M-001403
claims_a,MB27072687,member,M-001011
claims_a,MB46241881,member,M-000481
claims_a,MB12766765,member,M-002338
claims_a,MB26353784,member,M-001503
claims_a,MB71611045,member,M-001761
claims_a,MB77061479,member,M-000843
claims_a,MB31229060,member,M-001108
claims_a,MB89763770,member,M-002048
claims_a,MB48720925,member,M-001797
claims_a,MB44097476,member,M-002104
claims_a,MB17620998,member,M-001651
claims_a,MB52409851,member,M-001361
claims_a,MB01089747,member,M-001301
claims_a,MB16789227,member,M-001673
claims_a,MB67674770,member,M-001418
claims_a,MB31541166,member,M-000865
claims_a,MB42619317,member,M-001945
claims_a,MB56500369,member,M-000255
claims_a,MB95507402,member,M-002131
claims_a,MB15527644,member,M-002016
claims_a,MB90941162,member,M-001818
claims_a,MB43967101,member,M-001604
claims_a,MB14289484,member,M-001020
claims_a,MB54575354,member,M-001421
claims_a,MB56072388,member,M-001417
claims_a,MB18850770,member,M-000876
claims_a,MB82012822,member,M-000419
claims_a,MB42211394,member,M-001258
claims_a,MB36042404,member,M-000629
claims_a,MB90834066,member,M-000847
claims_a,MB66080806,member,M-001035
claims_a,MB96464619,member,M-000209
claims_a,MB05250630,member,M-002337
claims_a,MB15087236,member,M-002182
claims_a,MB74234670,member,M-000679
claims_a,MB94300263,member,M-002094
claims_a,MB58743898,member,M-000933
claims_a,MB72286705,member,M-000445
claims_a,MB66409428,member,M-001686
claims_a,MB66800348,member,M-001360
claims_a,MB34897610,member,M-001449
claims_a,MB16707088,member,M-001967
claims_a,MB17036337,member,M-000667
claims_a,MB47364777,member,M-000413
claims_a,MB92421237,member,M-000633
claims_a,MB95075416,member,M-000570
claims_a,MB62552858,member,M-000694
claims_a,MB90142381,member,M-001791
claims_a,MB99296451,member,M-000949
claims_a,MB35486562,member,M-001335
claims_a,MB54223156,member,M-002043
claims_a,MB22366774,member,M-002379
claims_a,MB49733063,member,M-000406
claims_a,MB68090664,member,M-000425
claims_a,MB63729850,member,M-000763
claims_a,MB53124490,member,M-001103
claims_a,MB75165988,member,M-001303
claims_a,MB14768716,member,M-002172
claims_a,MB72920556,member,M-000457
claims_a,MB26941091,member,M-000785
claims_a,MB97739173,member,M-000048
claims_a,MB43408507,member,M-002035
claims_a,MB46119311,member,M-001535
claims_a,MB69425047,member,M-001806
claims_a,MB51212562,member,M-002277
claims_a,MB26260378,member,M-002038
claims_a,MB12799248,member,M-000537
claims_a,MB51369075,member,M-000708
claims_a,MB17101682,member,M-002018
claims_a,MB08994192,member,M-000769
claims_a,MB01225756,member,M-001079
claims_a,MB53518621,member,M-001336
claims_a,MB68038903,member,M-000864
claims_a,MB89031246,member,M-000914
claims_a,MB69193132,member,M-002102
claims_a,MB98325826,member,M-000741
claims_a,MB01889398,member,M-000822
claims_a,MB84790150,member,M-000358
claims_a,MB68778646,member,M-000554
claims_a,MB60532325,member,M-000603
claims_a,MB92676974,member,M-001317
claims_a,MB24901990,member,M-001116
claims_a,MB83279154,member,M-002360
claims_a,MB72631078,member,M-001829
claims_a,MB23461307,member,M-001039
claims_a,MB33316996,member,M-000576
claims_a,MB63701495,member,M-001473
claims_a,MB97257257,member,M-001826
claims_a,MB44187782,member,M-001810
claims_a,MB53891165,member,M-002252
claims_a,MB60721529,member,M-001437
claims_a,MB40261914,member,M-000533
claims_a,MB97663808,member,M-001978
claims_a,MB42103461,member,M-001718
claims_a,MB92215290,member,M-002316
claims_a,MB01268380,member,M-000535
claims_a,MB90968005,member,M-000226
claims_a,MB57186933,member,M-002129
claims_a,MB84646134,member,M-001319
claims_a,MB52791522,member,M-002341
claims_a,MB69748476,member,M-001732
claims_b,PB-0057,provider,P-0001
claims_b,PB-0524,provider,P-0004
claims_b,PB-0010,provider,P-0005
claims_b,PB-0341,provider,P-0006
claims_b,PB-0473,provider,P-0009
claims_b,PB-0053,provider,P-0010
claims_b,PB-0443,provider,P-0011
claims_b,PB-0234,provider,P-0012
claims_b,PB-0355,provider,P-0014
claims_b,PB-0089,provider,P-0016
claims_b,PB-0497,provider,P-0017
claims_b,PB-0312,provider,P-0018
claims_b,PB-0080,provider,P-0022
claims_b,PB-0182,provider,P-0023
claims_b,PB-0376,provider,P-0024
claims_b,PB-0025,provider,P-0026
claims_b,PB-0095,provider,P-0028
claims_b,PB-0364,provider,P-0029
claims_b,PB-0391,provider,P-0030
claims_b,PB-0116,provider,P-0031
claims_b,PB-0459,provider,P-0034
claims_b,PB-0115,provider,P-0035
claims_b,PB-0472,provider,P-0036
claims_b,PB-0231,provider,P-0039
claims_b,PB-0377,provider,P-0040
claims_b,PB-0474,provider,P-0041
claims_b,PB-0481,provider,P-0042
claims_b,PB-0326,provider,P-0046
claims_b,PB-0024,provider,P-0047
claims_b,PB-0523,provider,P-0048
claims_b,PB-0058,provider,P-0052
claims_b,PB-0458,provider,P-0053
claims_b,PB-0208,provider,P-0054
claims_b,PB-0319,provider,P-0058
claims_b,PB-0320,provider,P-0059
claims_b,PB-0398,provider,P-0060
claims_b,PB-0174,provider,P-0064
claims_b,PB-0043,provider,P-0065
claims_b,PB-0107,provider,P-0066
claims_b,PB-0079,provider,P-0067
claims_b,PB-0172,provider,P-0069
claims_b,PB-0500,provider,P-0070
claims_b,PB-0318,provider,P-0071
claims_b,PB-0513,provider,P-0072
claims_b,PB-0446,provider,P-0074
claims_b,PB-0130,provider,P-0075
claims_b,PB-0230,provider,P-0076
claims_b,PB-0125,provider,P-0077
claims_b,PB-0050,provider,P-0078
claims_b,PB-0482,provider,P-0082
claims_b,PB-0028,provider,P-0083
claims_b,PB-0277,provider,P-0084
claims_b,PB-0222,provider,P-0088
claims_b,PB-0308,provider,P-0089
claims_b,PB-0487,provider,P-0090
claims_b,PB-0518,provider,P-0094
claims_b,PB-0554,provider,P-0095
claims_b,PB-0201,provider,P-0096
claims_b,PB-0004,provider,P-0100
claims_b,PB-0175,provider,P-0101
claims_b,PB-0422,provider,P-0102
claims_b,PB-0528,provider,P-0104
claims_b,PB-0027,provider,P-0106
claims_b,PB-0490,provider,P-0107
claims_b,PB-0556,provider,P-0108
claims_b,PB-0149,provider,P-0112
claims_b,PB-0158,provider,P-0113
claims_b,PB-0225,provider,P-0114
claims_b,PB-0215,provider,P-0118
claims_b,PB-0118,provider,P-0119
claims_b,PB-0402,provider,P-0120
claims_b,PB-0062,provider,P-0122
claims_b,PB-0223,provider,P-0124
claims_b,PB-0403,provider,P-0125
claims_b,PB-0008,provider,P-0126
claims_b,PB-0447,provider,P-0129
claims_b,PB-0334,provider,P-0130
claims_b,PB-0552,provider,P-0131
claims_b,PB-0384,provider,P-0132
claims_b,PB-0299,provider,P-0135
claims_b,PB-0016,provider,P-0136
claims_b,PB-0241,provider,P-0137
claims_b,PB-0440,provider,P-0138
claims_b,PB-0417,provider,P-0142
claims_b,PB-0179,provider,P-0143
claims_b,PB-0021,provider,P-0144
claims_b,PB-0238,provider,P-0148
claims_b,PB-0102,provider,P-0149
claims_b,PB-0270,provider,P-0150
claims_b,PB-0186,provider,P-0154
claims_b,PB-0202,provider,P-0155
claims_b,PB-0303,provider,P-0156
claims_b,PB-0250,provider,P-0160
claims_b,MB57834613,member,M-002234
claims_b,MB50460287,member,M-001350
claims_b,MB68674708,member,M-001218
claims_b,MB45511258,member,M-000420
claims_b,MB68495121,member,M-001781
claims_b,MB10993268,member,M-000127
claims_b,MB99286916,member,M-000543
claims_b,MB98488338,member,M-000140
claims_b,MB22909541,member,M-001380
claims_b,MB61771451,member,M-001642
claims_b,MB10085710,member,M-002355
claims_b,MB10135622,member,M-000624
claims_b,MB40232066,member,M-000560
claims_b,MB77061479,member,M-000843
claims_b,MB22928708,member,M-000755
claims_b,MB71057233,member,M-000528
claims_b,MB01268380,member,M-000535
claims_b,MB99707808,member,M-000154
claims_b,MB67054885,member,M-001049
claims_b,MB48149482,member,M-000951
claims_b,MB60062404,member,M-001139
claims_b,MB43375256,member,M-001646
claims_b,MB68299645,member,M-000194
claims_b,MB61836850,member,M-001024
claims_b,MB19950518,member,M-002189
claims_b,MB63560289,member,M-000130
claims_b,MB93717532,member,M-000190
claims_b,MB82232236,member,M-000577
claims_b,MB67493234,member,M-000392
claims_b,MB94415847,member,M-000722
claims_b,MB37382097,member,M-001526
claims_b,MB51185849,member,M-000221
claims_b,MB13035125,member,M-001129
claims_b,MB09391725,member,M-000092
claims_b,MB96074611,member,M-001510
claims_b,MB77703269,member,M-001815
claims_b,MB19670044,member,M-001734
claims_b,MB08113477,member,M-000526
claims_b,MB63783187,member,M-001587
claims_b,MB24680787,member,M-001063
claims_b,MB18208520,member,M-000241
claims_b,MB38048350,member,M-001746
claims_b,MB64911705,member,M-001023
claims_b,MB02108265,member,M-001309
claims_b,MB99513114,member,M-000938
claims_b,MB77669750,member,M-000133
claims_b,MB23607110,member,M-000106
claims_b,MB28437423,member,M-001170
claims_b,MB12389075,member,M-001974
claims_b,MB71182864,member,M-000032
claims_b,MB63844258,member,M-001520
claims_b,MB80147573,member,M-000248
claims_b,MB71893982,member,M-001027
claims_b,MB77902618,member,M-001580
claims_b,MB95569396,member,M-001221
claims_b,MB37590802,member,M-001853
claims_b,MB40811697,member,M-001324
claims_b,MB80473708,member,M-001820
claims_b,MB29364802,member,M-002359
claims_b,MB57496675,member,M-002276
claims_b,MB02188077,member,M-001140
claims_b,MB62482955,member,M-001411
claims_b,MB69366056,member,M-000765
claims_b,MB74660688,member,M-000274
claims_b,MB82984217,member,M-000915
claims_b,MB59741812,member,M-000382
claims_b,MB40216625,member,M-001883
claims_b,MB34297151,member,M-001592
claims_b,MB04962052,member,M-001722
claims_b,MB00558017,member,M-002287
claims_b,MB25320492,member,M-000201
claims_b,MB03441373,member,M-002295
claims_b,MB47606004,member,M-002264
claims_b,MB37393469,member,M-000086
claims_b,MB56267415,member,M-000061
claims_b,MB04265799,member,M-000003
claims_b,MB06305532,member,M-000900
claims_b,MB64082804,member,M-000463
claims_b,MB18134815,member,M-001072
claims_b,MB42103461,member,M-001718
claims_b,MB32900372,member,M-000682
claims_b,MB14272571,member,M-002174
claims_b,MB63968467,member,M-001197
claims_b,MB34419327,member,M-000444
claims_b,MB21139996,member,M-000384
claims_b,MB71934552,member,M-002310
claims_b,MB43967101,member,M-001604
claims_b,MB98364566,member,M-001947
claims_b,MB33921959,member,M-000834
claims_b,MB04370484,member,M-001038
claims_b,MB12684373,member,M-000318
claims_b,MB15437721,member,M-002122
claims_b,MB41075182,member,M-002213
claims_b,MB96430982,member,M-002087
claims_b,MB93076127,member,M-000276
claims_b,MB89057266,member,M-001172
claims_b,MB26661903,member,M-000839
claims_b,MB33316996,member,M-000576
claims_b,MB63791320,member,M-000036
claims_b,MB15903904,member,M-001849
claims_b,MB85110541,member,M-000546
claims_b,MB69021601,member,M-001514
claims_b,MB54813568,member,M-000094
claims_b,MB27713235,member,M-001895
claims_b,MB20601948,member,M-001919
claims_b,MB93553800,member,M-001793
claims_b,MB95352768,member,M-001061
claims_b,MB11171324,member,M-001960
claims_b,MB89872888,member,M-001292
claims_b,MB90890014,member,M-000699
claims_b,MB03940129,member,M-000668
claims_b,MB16789227,member,M-001673
claims_b,MB75031958,member,M-000809
claims_b,MB75332458,member,M-000899
claims_b,MB32775624,member,M-000214
claims_b,MB68227286,member,M-000883
claims_b,MB65539501,member,M-002383
claims_b,MB25212337,member,M-001878
claims_b,MB72398083,member,M-000230
claims_b,MB99451183,member,M-000279
claims_b,MB19226889,member,M-000278
claims_b,MB55388634,member,M-000504
claims_b,MB98351024,member,M-000521
claims_b,MB01306458,member,M-002382
claims_b,MB00965138,member,M-000041
claims_b,MB66265010,member,M-001517
claims_b,MB42132393,member,M-000888
claims_b,MB18083446,member,M-001110
claims_b,MB97086737,member,M-000044
claims_b,MB44069864,member,M-000946
claims_b,MB40755467,member,M-001695
claims_b,MB13556182,member,M-000013
claims_b,MB86924795,member,M-001422
claims_b,MB76400632,member,M-001900
claims_b,MB14464073,member,M-000879
claims_b,MB81659860,member,M-001137
claims_b,MB30097200,member,M-000385
claims_b,MB00154493,member,M-000187
claims_b,MB15541047,member,M-000833
claims_b,MB96416275,member,M-000132
claims_b,MB93665059,member,M-000529
claims_b,MB57063296,member,M-000612
claims_b,MB25414874,member,M-001834
claims_b,MB98594487,member,M-001839
claims_b,MB47380159,member,M-002354
claims_b,MB32917490,member,M-002299
claims_b,MB51167978,member,M-000203
claims_b,MB14995099,member,M-001502
claims_b,MB98739654,member,M-001160
claims_b,MB37877173,member,M-002220
claims_b,MB10202996,member,M-000545
claims_b,MB12799248,member,M-000537
claims_b,MB26246038,member,M-000562
claims_b,MB58223505,member,M-001669
claims_b,MB38568210,member,M-001557
claims_b,MB49716992,member,M-001425
claims_b,MB17870584,member,M-000643
claims_b,MB09670211,member,M-002169
claims_b,MB78164250,member,M-001733
claims_b,MB10598952,member,M-000215
claims_b,MB83623280,member,M-001171
claims_b,MB95648168,member,M-001214
claims_b,MB39057246,member,M-000958
claims_b,MB10814950,member,M-000114
claims_b,MB01335293,member,M-001713
claims_b,MB53098035,member,M-001207
claims_b,MB18782825,member,M-001371
claims_b,MB60210270,member,M-000344
claims_b,MB25420283,member,M-001758
claims_b,MB92291118,member,M-000105
claims_b,MB27752746,member,M-000964
claims_b,MB67631755,member,M-000495
claims_b,MB30277197,member,M-001184
claims_b,MB99041044,member,M-001941
claims_b,MB06785951,member,M-000786
claims_b,MB57914523,member,M-000989
claims_b,MB48678896,member,M-000245
claims_b,MB92149351,member,M-000646
claims_b,MB18325379,member,M-000604
claims_b,MB02884611,member,M-001845
claims_b,MB87223468,member,M-001055
claims_b,MB43796105,member,M-001447
claims_b,MB30596967,member,M-001802
claims_b,MB07698469,member,M-000371
claims_b,MB93557461,member,M-001005
claims_b,MB43159218,member,M-002328
claims_b,MB23705307,member,M-001368
claims_b,MB56828640,member,M-000324
claims_b,MB28943676,member,M-002231
claims_b,MB34160831,member,M-000992
claims_b,MB51189424,member,M-001647
claims_b,MB36147308,member,M-001643
claims_b,MB79074084,member,M-002396
claims_b,MB55691824,member,M-001763
claims_b,MB14236463,member,M-001641
claims_b,MB83774355,member,M-000889
claims_b,MB74234670,member,M-000679
claims_b,MB64291216,member,M-002165
claims_b,MB38349783,member,M-000113
claims_b,MB27383505,member,M-000404
claims_b,MB21881401,member,M-001494
claims_b,MB88520663,member,M-001220
claims_b,MB94101212,member,M-002034
claims_b,MB60597444,member,M-000039
claims_b,MB85443567,member,M-002194
claims_b,MB49616555,member,M-001454
claims_b,MB90368626,member,M-000929
claims_b,MB24220459,member,M-000367
claims_b,MB74762274,member,M-001700
claims_b,MB36114740,member,M-001030
claims_b,MB93109622,member,M-001936
claims_b,MB08359252,member,M-000434
claims_b,MB46440312,member,M-000916
claims_b,MB37373949,member,M-001932
claims_b,MB97341495,member,M-001347
claims_b,MB20073763,member,M-000986
claims_b,MB76914689,member,M-001748
claims_b,MB38789478,member,M-000439
claims_b,MB22084778,member,M-000231
claims_b,MB57594492,member,M-000275
claims_b,MB20356881,member,M-001943
claims_b,MB08347493,member,M-001735
claims_b,MB93042488,member,M-001838
claims_b,MB50819173,member,M-002077
claims_b,MB82716588,member,M-002093
claims_b,MB68870570,member,M-001828
claims_b,MB07069536,member,M-000677
claims_b,MB90197485,member,M-000493
claims_b,MB53765180,member,M-000703
claims_b,MB66599269,member,M-000365
claims_b,MB53644191,member,M-001683
claims_b,MB60924933,member,M-001804
claims_b,MB96980015,member,M-002209
claims_b,MB14404851,member,M-001513
claims_b,MB51411224,member,M-000774
claims_b,MB86046600,member,M-002342
claims_b,MB16955763,member,M-002293
claims_b,MB98755046,member,M-001002
claims_b,MB25978571,member,M-001242
claims_b,MB54795619,member,M-000501
claims_b,MB62980385,member,M-001688
claims_b,MB51040965,member,M-002256
claims_b,MB93885264,member,M-002004
claims_b,MB30725714,member,M-000179
claims_b,MB78634827,member,M-000548
claims_b,MB17528063,member,M-000630
claims_b,MB65228535,member,M-000035
claims_b,MB81932582,member,M-001784
claims_b,MB73731067,member,M-002195
claims_b,MB89031246,member,M-000914
claims_b,MB06192775,member,M-001267
claims_b,MB55559839,member,M-001252
claims_b,MB48743159,member,M-001062
claims_b,MB36218400,member,M-002258
claims_b,MB40237208,member,M-000426
claims_b,MB90891729,member,M-000797
claims_b,MB54262755,member,M-001525
claims_b,MB35704013,member,M-001709
claims_b,MB40851122,member,M-000240
claims_b,MB64154596,member,M-000725
claims_b,MB52430988,member,M-002226
claims_b,MB88145654,member,M-000273
claims_b,MB53995920,member,M-001563
claims_b,MB53359331,member,M-001467
claims_b,MB29735904,member,M-000257
claims_b,MB01649277,member,M-000673
claims_b,MB40303435,member,M-001246
claims_b,MB03718391,member,M-001572
claims_b,MB03391969,member,M-000894
claims_b,MB92051321,member,M-001247
claims_b,MB00072871,member,M-001779
claims_b,MB16873477,member,M-002269
claims_b,MB22364326,member,M-001555
claims_b,MB29576862,member,M-001462
claims_b,MB16529882,member,M-000647
claims_b,MB48720925,member,M-001797
claims_b,MB88614357,member,M-002000
claims_b,MB66790446,member,M-001224
claims_b,MB71721578,member,M-000574
claims_b,MB01225756,member,M-001079
claims_b,MB31567079,member,M-002198
claims_b,MB55250068,member,M-000184
claims_b,MB78060201,member,M-001730
claims_b,MB80070438,member,M-000089
claims_b,MB22294301,member,M-001678
claims_b,MB03867648,member,M-000855
claims_b,MB53541768,member,M-001648
claims_b,MB92432795,member,M-000176
claims_b,MB82423989,member,M-000710
claims_b,MB11813825,member,M-000866
claims_b,MB15745913,member,M-000510
claims_b,MB25899364,member,M-001109
claims_b,MB86703417,member,M-001082
claims_b,MB34129962,member,M-001973
claims_b,MB14572034,member,M-000985
claims_b,MB13511929,member,M-002304
claims_b,MB02729224,member,M-000353
claims_b,MB08625158,member,M-001989
claims_b,MB45929418,member,M-001291
claims_b,MB94130244,member,M-000005
claims_b,MB27075194,member,M-002222
claims_b,MB14479352,member,M-002117
claims_b,MB41594998,member,M-000660
claims_b,MB11718382,member,M-001440
claims_b,MB53770881,member,M-001523
claims_b,MB43299069,member,M-000730
claims_b,MB21520919,member,M-001596
claims_b,MB19607576,member,M-001093
claims_b,MB19470999,member,M-001332
claims_b,MB40169346,member,M-002109
claims_b,MB54811239,member,M-001584
claims_b,MB21062435,member,M-000862
claims_b,MB19346175,member,M-002201
claims_b,MB35279000,member,M-001042
claims_b,MB39922369,member,M-000597
claims_b,MB61276220,member,M-001073
claims_b,MB13522144,member,M-001041
claims_b,MB60495821,member,M-001045
claims_b,MB26941091,member,M-000785
claims_b,MB84989976,member,M-000299
claims_b,MB72920556,member,M-000457
claims_b,MB44499873,member,M-000706
claims_b,MB80465529,member,M-001012
claims_b,MB61127098,member,M-001741
claims_b,MB19947547,member,M-001631
claims_b,MB57460000,member,M-001415
claims_b,MB83855267,member,M-001752
claims_b,MB34897610,member,M-001449
claims_b,MB65299245,member,M-002305
claims_b,MB52731823,member,M-001154
claims_b,MB15374874,member,M-000027
claims_b,MB22750139,member,M-000558
claims_b,MB63729850,member,M-000763
claims_b,MB91959110,member,M-000901
claims_b,MB88010774,member,M-000363
claims_b,MB35005058,member,M-001696
claims_b,MB13677772,member,M-000701
claims_b,MB49381407,member,M-001609
claims_b,MB51212562,member,M-002277
claims_b,MB92310488,member,M-000996
claims_b,MB75138440,member,M-001573
claims_b,MB81415657,member,M-000037
claims_b,MB94429826,member,M-000468
claims_b,MB35059710,member,M-000088
claims_b,MB20936786,member,M-001166
claims_b,MB51447859,member,M-000821
claims_b,MB94143874,member,M-000621
claims_b,MB86825515,member,M-000362
claims_b,MB75910136,member,M-001483
claims_b,MB66699729,member,M-001556
claims_b,MB77511871,member,M-001880
claims_b,MB19348212,member,M-000206
claims_b,MB26619372,member,M-000134
claims_b,MB87966375,member,M-000804
claims_b,MB53773642,member,M-001009
claims_b,MB22885741,member,M-000430
claims_b,MB67005685,member,M-000020
claims_b,MB63506531,member,M-001325
claims_b,MB92683136,member,M-001051
claims_b,MB43770661,member,M-001550
claims_b,MB40876565,member,M-001209
claims_b,MB69244185,member,M-000337
claims_b,MB17122451,member,M-002082
claims_b,MB86984204,member,M-001548
claims_b,MB71110496,member,M-000685
claims_b,MB65964394,member,M-001762
claims_b,MB15074747,member,M-001460
claims_b,MB35113084,member,M-000857
claims_b,MB37162866,member,M-000801
claims_b,MB60797197,member,M-001298
claims_b,MB50182714,member,M-000875
claims_b,MB20084652,member,M-000772
claims_b,MB59791674,member,M-000477
claims_b,MB92347655,member,M-000428
claims_b,MB37342819,member,M-000625
claims_b,MB82740848,member,M-002127
claims_b,MB64752231,member,M-002037
claims_b,MB50192126,member,M-002321
claims_b,MB05909601,member,M-001266
claims_b,MB29562206,member,M-002391
claims_b,MB74059354,member,M-001800
claims_b,MB15015458,member,M-000075
claims_b,MB98908471,member,M-001016
claims_b,MB52458932,member,M-001918
claims_b,MB02118101,member,M-000254
claims_b,MB38260712,member,M-001399
claims_b,MB62312899,member,M-001856
claims_b,MB14581193,member,M-001887
claims_b,MB49468550,member,M-001233
claims_b,MB81949659,member,M-001702
claims_b,MB80839556,member,M-001151
claims_b,MB23889703,member,M-000926
claims_b,MB96963185,member,M-000645
claims_b,MB43851498,member,M-000229
claims_b,MB18186152,member,M-001486
claims_b,MB15881472,member,M-002365
claims_b,MB91349351,member,M-000999
claims_b,MB40924657,member,M-001549
claims_b,MB27155151,member,M-002175
claims_b,MB59460086,member,M-001135
claims_b,MB99548417,member,M-000664
claims_b,MB73302419,member,M-001458
claims_b,MB07324144,member,M-000652
claims_b,MB35609215,member,M-002395
claims_b,MB85704631,member,M-000236
claims_b,MB80108882,member,M-000618
claims_b,MB32158168,member,M-001995
claims_b,MB91563151,member,M-001712
claims_b,MB04216175,member,M-000042
claims_b,MB14971907,member,M-001329
claims_b,MB24800996,member,M-001506
claims_b,MB54223156,member,M-002043
claims_b,MB77641510,member,M-000429
claims_b,MB02368781,member,M-001938
claims_b,MB35729141,member,M-001612
claims_b,MB13187101,member,M-001264
claims_b,MB34029139,member,M-002388
claims_b,MB80128603,member,M-001770
claims_b,MB55133300,member,M-000202
claims_b,MB11727533,member,M-001465
claims_b,MB33629729,member,M-000896
claims_b,MB51198088,member,M-001819
claims_b,MB46045630,member,M-000583
claims_b,MB43408507,member,M-002035
claims_b,MB86702893,member,M-000705
claims_b,MB00011484,member,M-002060
claims_b,MB35047967,member,M-000745
claims_b,MB55132193,member,M-000982
claims_b,MB43521847,member,M-002163
claims_b,MB49350218,member,M-000671
claims_b,MB57321034,member,M-001133
claims_b,MB12762205,member,M-000266
claims_b,MB27532561,member,M-001720
claims_b,MB85928388,member,M-002255
claims_b,MB42901755,member,M-002020
claims_b,MB08041391,member,M-000403
claims_b,MB27198033,member,M-001382
claims_b,MB80977513,member,M-001830
claims_b,MB08585913,member,M-001899
claims_b,MB24049971,member,M-002240
claims_b,MB48592048,member,M-000256
claims_b,MB47364777,member,M-000413
claims_b,MB70638102,member,M-000728
claims_b,MB99713959,member,M-001084
claims_b,MB94457033,member,M-000592
claims_b,MB74209721,member,M-002294
claims_b,MB17689263,member,M-001279
claims_b,MB00054484,member,M-000097
claims_b,MB44012664,member,M-000368
claims_b,MB76286724,member,M-000655
claims_b,MB66800348,member,M-001360
claims_b,MB42205153,member,M-002326
claims_b,MB28933176,member,M-000285
claims_b,MB88349411,member,M-001759
claims_b,MB97739173,member,M-000048
claims_b,MB67674770,member,M-001418
claims_b,MB94051987,member,M-002053
claims_b,MB92647902,member,M-000244
claims_b,MB92479309,member,M-001889
claims_b,MB92413212,member,M-001189
claims_b,MB44927535,member,M-000564
claims_b,MB44527579,member,M-002176
claims_b,MB51998170,member,M-000316
claims_b,MB48486215,member,M-001516
claims_b,MB24731360,member,M-001351
claims_b,MB44099326,member,M-000208
claims_b,MB90941162,member,M-001818
claims_b,MB03329148,member,M-001755
claims_b,MB89689017,member,M-002351
claims_b,MB48039455,member,M-000840
claims_b,MB77266743,member,M-002039
claims_b,MB02512345,member,M-001254
claims_b,MB87826062,member,M-002139
claims_b,MB58011418,member,M-001047
claims_b,MB92711085,member,M-001104
claims_b,MB97627170,member,M-000300
claims_b,MB90140437,member,M-001589
claims_b,MB21264801,member,M-000819
claims_b,MB75031037,member,M-001111
claims_b,MB65278845,member,M-001699
claims_b,MB75515502,member,M-001240
claims_b,MB28348941,member,M-001306
claims_b,MB72248455,member,M-002022
claims_b,MB50381528,member,M-002045
claims_b,MB41971886,member,M-000410
claims_b,MB66425800,member,M-001633
claims_b,MB94048056,member,M-001044
claims_b,MB25730441,member,M-002142
claims_b,MB85923168,member,M-002075
claims_b,MB90713544,member,M-000437
claims_b,MB11402740,member,M-000282
claims_b,MB40714693,member,M-001193
claims_b,MB49733063,member,M-000406
claims_b,MB84538675,member,M-001052
claims_b,MB68786599,member,M-001927
claims_b,MB46420476,member,M-000544
claims_b,MB65845287,member,M-001477
claims_b,MB61115104,member,M-001086
claims_b,MB19829822,member,M-001568
claims_b,MB37376585,member,M-000043
claims_b,MB95084373,member,M-001127
claims_b,MB30547349,member,M-000085
claims_b,MB93480498,member,M-000242
claims_b,MB76397676,member,M-000175
claims_b,MB76394469,member,M-002207
claims_b,MB59195194,member,M-000432
claims_b,MB91267759,member,M-001780
claims_b,MB08181595,member,M-000498
claims_b,MB87813295,member,M-000414
claims_b,MB27763104,member,M-000870
claims_b,MB60937796,member,M-002358
claims_b,MB34461808,member,M-002058
claims_b,MB15940510,member,M-001742
claims_b,MB63919907,member,M-002364
claims_b,MB34221141,member,M-002067
claims_b,MB57992341,member,M-001904
claims_b,MB49022249,member,M-002206
claims_b,MB13490911,member,M-001917
claims_b,MB20774029,member,M-000997
claims_b,MB90636039,member,M-001343
claims_b,MB06594707,member,M-002368
claims_b,MB85206855,member,M-000627
claims_b,MB37771252,member,M-001493
claims_b,MB49772648,member,M-001008
claims_b,MB45568701,member,M-000298
claims_b,MB42710350,member,M-000735
claims_b,MB30884937,member,M-000291
claims_b,MB07507864,member,M-000018
claims_b,MB30587988,member,M-000012
claims_b,MB90986021,member,M-002032
claims_b,MB70846080,member,M-002033
claims_b,MB19655410,member,M-000301
claims_b,MB17942270,member,M-002113
claims_b,MB96216432,member,M-000925
claims_b,MB68555983,member,M-000670
claims_b,MB47018904,member,M-001272
claims_b,MB43632879,member,M-001056
claims_b,MB91384912,member,M-001717
claims_b,MB38462422,member,M-001269
claims_b,MB58558918,member,M-001968
claims_b,MB52113377,member,M-000805
claims_b,MB27868462,member,M-000695
claims_b,MB00187899,member,M-002156
claims_b,MB40675347,member,M-000778
claims_b,MB59895766,member,M-001222
claims_b,MB87880113,member,M-001174
claims_b,MB12217180,member,M-001764
claims_b,MB72567218,member,M-002008
claims_b,MB41343854,member,M-001294
claims_b,MB00225283,member,M-002019
claims_b,MB88654879,member,M-000803
claims_b,MB58000104,member,M-000590
claims_b,MB86870487,member,M-001617
claims_b,MB33096758,member,M-000561
claims_b,MB57186933,member,M-002129
claims_b,MB32926044,member,M-002325
claims_b,MB51883966,member,M-000791
claims_b,MB33077929,member,M-000549
claims_b,MB24842009,member,M-001668
claims_b,MB21983035,member,M-001199
claims_b,MB08883684,member,M-000019
claims_b,MB29801436,member,M-000339
claims_b,MB41660066,member,M-001280
claims_b,MB39615907,member,M-001412
claims_b,MB10523679,member,M-001057
claims_b,MB09978827,member,M-000539
claims_b,MB36173157,member,M-000180
claims_b,MB80512805,member,M-001935
claims_b,MB92057075,member,M-000932
claims_b,MB61789789,member,M-001143
claims_b,MB17513454,member,M-002138
claims_b,MB87518806,member,M-001341
claims_b,MB00497109,member,M-001362
claims_b,MB82993446,member,M-000930
claims_b,MB82310750,member,M-001274
claims_b,MB16466411,member,M-002302
claims_b,MB36712288,member,M-000818
claims_b,MB40477742,member,M-000135
claims_b,MB08289024,member,M-000474
claims_b,MB37231423,member,M-002066
claims_b,MB88447167,member,M-000046
claims_b,MB37715268,member,M-001627
claims_b,MB68808477,member,M-001322
claims_b,MB81311077,member,M-001588
claims_b,MB88882576,member,M-000435
claims_b,MB25224021,member,M-001194
claims_b,MB84184877,member,M-000768
claims_b,MB19531743,member,M-001192
claims_b,MB31523529,member,M-000101
claims_b,MB04323017,member,M-001884
claims_b,MB98625200,member,M-002387
claims_b,MB75165988,member,M-001303
claims_b,MB34935754,member,M-001624
claims_b,MB94484295,member,M-002203
claims_b,MB09774839,member,M-000103
claims_b,MB53747464,member,M-000297
claims_b,MB61012513,member,M-002254
claims_b,MB70499776,member,M-001346
claims_b,MB53690013,member,M-000364
claims_b,MB87260863,member,M-000128
claims_b,MB79268452,member,M-000984
claims_b,MB50015814,member,M-000269
claims_b,MB15492573,member,M-000069
claims_b,MB53679326,member,M-002315
claims_b,MB20922844,member,M-002210
claims_b,MB49330907,member,M-000469
claims_b,MB07940667,member,M-000452
claims_b,MB56857416,member,M-002212
claims_b,MB16613686,member,M-001756
claims_b,MB75405783,member,M-000417
claims_b,MB99000738,member,M-000615
claims_b,MB47141449,member,M-000742
claims_b,MB68062865,member,M-001832
claims_b,MB92849750,member,M-002013
claims_b,MB21687165,member,M-000074
claims_b,MB71210133,member,M-000262
claims_b,MB68541804,member,M-000579
claims_b,MB41649604,member,M-001897
claims_b,MB22965874,member,M-002153
claims_b,MB12009789,member,M-001105
claims_b,MB12448136,member,M-000008
claims_b,MB13973438,member,M-000736
claims_b,MB58315400,member,M-000663
claims_b,MB06159129,member,M-000848
claims_b,MB67702274,member,M-001771
claims_b,MB71624345,member,M-001456
claims_b,MB65269412,member,M-002253
claims_b,MB19825571,member,M-000727
claims_b,MB08437082,member,M-000963
claims_b,MB32117961,member,M-000191
claims_b,MB86513378,member,M-001107
claims_b,MB49541440,member,M-002188
claims_b,MB22999523,member,M-001848
claims_b,MB55453803,member,M-001789
claims_b,MB48442674,member,M-001126
claims_b,MB04185545,member,M-001304
claims_b,MB61560177,member,M-002267
claims_b,MB54123845,member,M-000416
claims_b,MB00613380,member,M-001394
claims_b,MB68675400,member,M-001724
claims_b,MB50803895,member,M-000968
claims_b,MB85158087,member,M-002125
claims_b,MB88741286,member,M-002095
claims_b,MB49650807,member,M-001386
claims_b,MB60693413,member,M-000700
claims_b,MB95041070,member,M-001452
claims_b,MB21336920,member,M-000783
claims_b,MB72509424,member,M-000918
claims_b,MB01783979,member,M-001940
claims_b,MB67922837,member,M-001910
claims_b,MB31229060,member,M-001108
claims_b,MB39484797,member,M-001302
claims_b,MB55648506,member,M-000974
claims_b,MB38526473,member,M-001570
claims_b,MB06351040,member,M-001450
claims_b,MB40926285,member,M-001744
claims_b,MB97529576,member,M-000860
claims_b,MB85791097,member,M-002084
claims_b,MB66306502,member,M-000386
claims_b,MB47553566,member,M-001621
claims_b,MB18392710,member,M-000422
claims_b,MB10711890,member,M-001988
claims_b,MB37327686,member,M-001227
claims_b,MB80081663,member,M-000937
claims_b,MB04180968,member,M-000258
claims_b,MB15692379,member,M-001453
claims_b,MB14446145,member,M-001661
claims_b,MB16853900,member,M-001775
claims_b,MB31025808,member,M-000845
claims_b,MB43389073,member,M-000186
claims_b,MB32858752,member,M-002247
claims_b,MB14132859,member,M-002248
claims_b,MB19090631,member,M-000174
claims_b,MB39034245,member,M-000826
claims_b,MB54806853,member,M-002158
claims_b,MB23955951,member,M-001029
claims_b,MB53124490,member,M-001103
claims_b,MB81650533,member,M-000795
claims_b,MB88843907,member,M-000284
claims_b,MB98693352,member,M-001097
claims_b,MB43414191,member,M-001213
claims_b,MB00443906,member,M-001364
claims_b,MB47146562,member,M-001547
claims_b,MB81178885,member,M-000070
claims_b,MB91700797,member,M-001118
claims_b,MB96569953,member,M-001949
claims_b,MB84914383,member,M-001379
claims_b,MB73832717,member,M-000185
claims_b,MB59307507,member,M-001226
claims_b,MB83794475,member,M-000261
claims_b,MB53448727,member,M-000361
claims_b,MB91444194,member,M-001640
claims_b,MB66776383,member,M-002236
claims_b,MB45405943,member,M-000859
claims_b,MB05253567,member,M-000314
claims_b,MB61031132,member,M-000247
claims_b,MB78387434,member,M-000517
claims_b,MB77556758,member,M-002191
claims_b,MB78478184,member,M-000693
claims_b,MB24011268,member,M-001131
claims_b,MB02782955,member,M-001606
claims_b,MB42252354,member,M-001714
claims_b,MB08572753,member,M-000669
claims_b,MB36484819,member,M-000851
claims_b,MB06147399,member,M-001378
claims_b,MB95480503,member,M-001691
claims_b,MB35955440,member,M-000610
claims_b,MB51196706,member,M-000758
claims_b,MB98772543,member,M-001754
claims_b,MB78426937,member,M-001582
claims_b,MB23068427,member,M-000295
claims_b,MB23680772,member,M-001955
claims_b,MB40946121,member,M-001847
claims_b,MB36953423,member,M-001113
claims_b,MB30214026,member,M-000792
claims_b,MB18728463,member,M-000002
claims_b,MB11457410,member,M-000268
claims_b,MB11087928,member,M-000366
claims_b,MB75663295,member,M-000303
claims_b,MB74040798,member,M-000387
claims_b,MB47665946,member,M-000874
claims_b,MB65431766,member,M-002030
claims_b,MB60820445,member,M-001400
claims_b,MB44910261,member,M-001706
claims_b,MB92429612,member,M-001238
claims_b,MB64863150,member,M-001316
claims_b,MB18378036,member,M-001476
claims_b,MB95131550,member,M-000091
claims_b,MB68642041,member,M-000090
claims_b,MB82906016,member,M-000838
claims_b,MB38605090,member,M-000443
claims_b,MB87191136,member,M-002279
claims_b,MB04352961,member,M-001229
claims_b,MB44773484,member,M-001813
claims_b,MB23420607,member,M-000252
claims_b,MB32787299,member,M-000066
claims_b,MB25288872,member,M-001495
claims_b,MB00986174,member,M-000798
claims_b,MB13318904,member,M-000167
claims_b,MB10921193,member,M-002003
claims_b,MB90265703,member,M-000496
claims_b,MB65122376,member,M-001634
claims_b,MB55692629,member,M-000197
claims_b,MB67172936,member,M-000813
claims_b,MB80142265,member,M-001178
claims_b,MB18504235,member,M-000600
claims_b,MB85424250,member,M-001750
claims_b,MB53350718,member,M-002147
claims_b,MB07284695,member,M-000871
claims_b,MB35596211,member,M-000739
claims_b,MB38013916,member,M-001962
claims_b,MB93230242,member,M-001235
claims_b,MB27072687,member,M-001011
claims_b,MB15303956,member,M-000873
claims_b,MB49185834,member,M-001512
claims_b,MB80956358,member,M-001466
claims_b,MB07505818,member,M-001149
claims_b,MB20302410,member,M-001630
claims_b,MB05976158,member,M-002178
claims_b,MB13253224,member,M-001768
claims_b,MB26610839,member,M-001607
claims_b,MB96963395,member,M-002105
claims_b,MB64019136,member,M-000118
claims_b,MB13290458,member,M-000243
claims_b,MB76634749,member,M-001579
claims_b,MB94300263,member,M-002094
claims_b,MB86592295,member,M-000374
claims_b,MB05250630,member,M-002337
claims_b,MB17620998,member,M-001651
claims_b,MB94969231,member,M-002296
claims_b,MB60269093,member,M-000766
claims_b,MB86647103,member,M-002070
claims_b,MB00734097,member,M-000994
claims_b,MB71965066,member,M-001934
claims_b,MB88070016,member,M-001644
claims_b,MB73914523,member,M-001575
claims_b,MB03930993,member,M-002343
claims_b,MB81532833,member,M-002080
claims_b,MB83276088,member,M-001429
claims_b,MB15527644,member,M-002016
claims_b,MB99113085,member,M-000904
claims_b,MB67345747,member,M-001867
claims_b,MB30095669,member,M-001656
claims_b,MB82634772,member,M-000446
claims_b,MB92044391,member,M-002390
claims_b,MB72634888,member,M-000897
claims_b,MB53891165,member,M-002252
claims_b,MB15989909,member,M-001536
claims_b,MB73356206,member,M-000522
claims_b,MB75776373,member,M-000249
claims_b,MB73774469,member,M-000752
claims_b,MB94221978,member,M-000734
claims_b,MB23505052,member,M-001903
claims_b,MB08244186,member,M-001544
claims_b,MB97117334,member,M-001146
claims_b,MB11568480,member,M-001693
claims_b,MB37038339,member,M-001142
claims_b,MB50365788,member,M-002306
claims_b,MB59313284,member,M-001817
claims_b,MB68090664,member,M-000425
claims_b,MB26841625,member,M-001924
claims_b,MB33321320,member,M-000675
claims_b,MB09976458,member,M-000523
claims_b,MB77181563,member,M-000349
claims_b,MB61469875,member,M-001179
claims_b,MB04259382,member,M-000482
claims_b,MB70890196,member,M-000473
claims_b,MB39491631,member,M-000150
claims_b,MB77844239,member,M-000098
claims_b,MB16944487,member,M-000204
claims_b,MB19481680,member,M-001338
claims_b,MB03278320,member,M-000102
claims_b,MB55071708,member,M-001602
claims_b,MB88855162,member,M-001064
claims_b,MB08533790,member,M-001577
claims_b,MB21072888,member,M-001181
claims_b,MB09742790,member,M-000931
claims_b,MB51369075,member,M-000708
claims_b,MB28609087,member,M-000065
claims_b,MB39823450,member,M-000056
claims_b,MB04772547,member,M-001250
claims_b,MB88754019,member,M-002352
claims_b,MB53423225,member,M-000377
claims_b,MB68038903,member,M-000864
claims_b,MB28951443,member,M-002027
claims_b,MB52928934,member,M-000689
claims_b,MB23297540,member,M-002211
claims_b,MB62306347,member,M-000787
claims_b,MB92676974,member,M-001317
claims_b,MB01118688,member,M-002399
claims_b,MB71500378,member,M-001566
claims_b,MB33647023,member,M-001529
claims_b,MB46239991,member,M-000391
claims_b,MB24044459,member,M-000961
claims_b,MB72909480,member,M-000067
claims_b,MB14490391,member,M-000259
claims_b,MB18217159,member,M-000381
claims_b,MB38504300,member,M-000343
claims_b,MB68783800,member,M-002244
claims_b,MB31954134,member,M-001581
claims_b,MB34585138,member,M-001183
claims_b,MB35503389,member,M-000009
claims_b,MB86718276,member,M-001211
claims_b,MB52286305,member,M-002081
claims_b,MB00404729,member,M-000480
claims_b,MB47794571,member,M-001527
claims_b,MB20560218,member,M-000470
claims_b,MB19364653,member,M-001583
claims_b,MB57653606,member,M-000591
claims_b,MB38851599,member,M-000455
claims_b,MB11052218,member,M-000921
claims_b,MB42209421,member,M-000540
claims_b,MB36765441,member,M-002394
claims_b,MB83033107,member,M-001106
claims_b,MB84028236,member,M-001676
claims_b,MB83366096,member,M-001863
claims_b,MB09736572,member,M-000064
claims_b,MB29009211,member,M-002356
claims_b,MB60721529,member,M-001437
claims_b,MB73871890,member,M-000152
claims_b,MB49667685,member,M-000281
claims_b,MB30830120,member,M-001413
claims_b,MB20039365,member,M-001255
claims_b,MB15368078,member,M-002283
claims_b,MB90213341,member,M-000880
claims_b,MB55377624,member,M-001405
claims_b,MB98325826,member,M-000741
claims_b,MB57985905,member,M-000178
claims_b,MB09787090,member,M-001359
claims_b,MB43166435,member,M-000512
claims_b,MB48262270,member,M-001957
claims_b,MB88824290,member,M-000485
claims_b,MB22902142,member,M-001983
claims_b,MB15014631,member,M-000033
claims_b,MB66713516,member,M-001259
claims_b,MB65582257,member,M-002044
claims_b,MB22452379,member,M-001334
claims_b,MB86057593,member,M-000336
claims_b,MB13948820,member,M-000923
claims_b,MB87603904,member,M-002217
claims_b,MB60529066,member,M-001616
claims_b,MB79415412,member,M-000681
claims_b,MB21505334,member,M-001593
claims_b,MB44800838,member,M-001244
claims_b,MB15704681,member,M-001021
claims_b,MB61600090,member,M-001898
claims_b,MB71847296,member,M-001365
claims_b,MB85235919,member,M-000395
claims_b,MB15766039,member,M-000193
claims_b,MB05488046,member,M-002132
claims_b,MB33501223,member,M-001601
claims_b,MB74500200,member,M-000936
claims_b,MB42503832,member,M-000551
claims_b,MB46217844,member,M-000824
claims_b,MB48465780,member,M-000654
claims_b,MB52400170,member,M-002291
claims_b,MB47756170,member,M-000547
claims_b,MB83967184,member,M-000636
claims_b,MB77781432,member,M-002397
claims_b,MB72199509,member,M-000502
claims_b,MB70368504,member,M-000784
claims_b,MB73569939,member,M-000841
claims_b,MB21198492,member,M-000450
claims_b,MB57975205,member,M-001811
claims_b,MB34926669,member,M-001632
claims_b,MB92374176,member,M-002346
claims_b,MB77707540,member,M-001232
claims_b,MB20144023,member,M-000674
claims_b,MB97854904,member,M-000047
claims_b,MB20630696,member,M-002107
claims_b,MB86695458,member,M-000939
claims_b,MB77025433,member,M-000707
claims_b,MB87444123,member,M-000181
claims_b,MB58749047,member,M-000849
claims_b,MB02132081,member,M-001674
claims_b,MB76790955,member,M-000400
claims_b,MB10478739,member,M-001736
claims_b,MB28164383,member,M-001501
claims_b,MB19441214,member,M-001058
claims_b,MB30143583,member,M-002202
claims_b,MB75386435,member,M-000379
claims_b,MB38019546,member,M-001273
claims_b,MB60239684,member,M-001339
claims_b,MB89889098,member,M-000062
claims_b,MB97137886,member,M-000319
claims_b,MB93179884,member,M-001500
claims_b,MB95086974,member,M-001619
claims_b,MB01890348,member,M-000460
claims_b,MB78335942,member,M-002317
claims_b,MB06442905,member,M-002347
claims_b,MB36965460,member,M-000775
claims_b,MB52497139,member,M-000580
claims_b,MB71016525,member,M-000026
claims_b,MB17543369,member,M-000690
claims_b,MB41471222,member,M-000277
claims_b,MB61694994,member,M-000436
claims_b,MB36439333,member,M-002149
claims_b,MB55144861,member,M-001893
claims_b,MB97084499,member,M-001875
claims_b,MB22573855,member,M-001777
claims_b,MB78894973,member,M-001823
claims_b,MB69760901,member,M-000687
claims_b,MB78593591,member,M-001663
claims_b,MB88698490,member,M-001662
claims_b,MB91563454,member,M-002245
claims_b,MB71600831,member,M-000934
claims_b,MB65533013,member,M-002242
claims_b,MB53896091,member,M-001134
claims_b,MB39916439,member,M-000751
claims_b,MB44445587,member,M-001835
claims_b,MB40113698,member,M-001369
claims_b,MB73363160,member,M-000218
claims_b,MB06945615,member,M-002300
claims_b,MB81913332,member,M-001356
claims_b,MB59670203,member,M-001794
claims_b,MB86888739,member,M-000794
claims_b,MB59118721,member,M-000160
claims_b,MB55635129,member,M-001475
claims_b,MB80961645,member,M-000565
claims_b,MB85545512,member,M-001825
claims_b,MB90667566,member,M-000898
claims_b,MB81509842,member,M-002320
claims_b,MB08273096,member,M-000760
claims_b,MB44410148,member,M-000116
claims_b,MB17231111,member,M-000884
claims_b,MB86300902,member,M-000304
claims_b,MB67326285,member,M-002232
claims_b,MB10453825,member,M-000676
claims_b,MB99595101,member,M-000292
claims_b,MB55738565,member,M-002179
claims_b,MB55426729,member,M-001595
claims_b,MB86691619,member,M-000149
claims_b,MB64803086,member,M-002144
claims_b,MB00367488,member,M-000842
claims_b,MB50103798,member,M-000354
claims_b,MB75543051,member,M-000163
claims_b,MB77603784,member,M-001559
claims_b,MB82950779,member,M-000328
claims_b,MB68778646,member,M-000554
claims_b,MB07712557,member,M-001010
claims_b,MB15827722,member,M-001243
claims_b,MB05245871,member,M-001901
claims_b,MB16346394,member,M-001349
claims_b,MB65581713,member,M-001969
claims_b,MB30992534,member,M-001196
claims_b,MB76893142,member,M-001186
claims_b,MB90302303,member,M-001990
claims_b,MB15601471,member,M-000476
claims_b,MB56192230,member,M-000885
claims_b,MB02944682,member,M-000222
claims_b,MB73492593,member,M-001564
claims_b,MB53450811,member,M-000566
claims_b,MB19148862,member,M-002083
claims_b,MB02334156,member,M-002384
claims_b,MB40673953,member,M-001538
claims_b,MB07682829,member,M-001996
claims_b,MB46442431,member,M-000394
claims_b,MB55810437,member,M-001965
claims_b,MB83172511,member,M-002243
claims_b,MB50509993,member,M-000969
claims_b,MB54807553,member,M-000183
claims_b,MB23581963,member,M-001961
claims_b,MB95516378,member,M-000686
claims_b,MB12240547,member,M-000637
claims_b,MB24609232,member,M-001282
claims_b,MB09326928,member,M-001890
claims_b,MB69123671,member,M-002092
claims_b,MB13003982,member,M-002135
claims_b,MB56257000,member,M-001882
claims_b,MB22366774,member,M-002379
claims_b,MB61823092,member,M-001251
claims_b,MB56196330,member,M-001836
claims_b,MB94983411,member,M-000911
claims_b,MB90395620,member,M-000488
claims_b,MB09172042,member,M-001509
claims_b,MB01582229,member,M-002171
claims_b,MB21516757,member,M-000338
claims_b,MB82924837,member,M-000283
claims_b,MB84498056,member,M-001657
claims_b,MB28956527,member,M-000657
claims_b,MB26725819,member,M-001843
claims_b,MB14890990,member,M-001799
claims_b,MB99133838,member,M-000155
claims_b,MB45538076,member,M-001374
claims_b,MB49423803,member,M-001654
claims_b,MB18223512,member,M-001310
claims_b,MB11828592,member,M-000296
claims_b,MB88723294,member,M-000757
claims_b,MB84120751,member,M-000112
claims_b,MB09255216,member,M-000137
claims_b,MB25427499,member,M-002369
claims_b,MB14289484,member,M-001020
claims_b,MB75957706,member,M-000223
claims_b,MB50882459,member,M-000125
claims_b,MB15285764,member,M-000568
claims_b,MB86914605,member,M-002167
claims_b,MB09519256,member,M-001287
claims_b,MB70576741,member,M-001610
claims_b,MB38521233,member,M-002187
claims_b,MB26227100,member,M-001833
claims_b,MB83726413,member,M-001667
claims_b,MB95399141,member,M-000586
claims_b,MB93155137,member,M-001290
claims_b,MB41818682,member,M-001497
claims_b,MB54663717,member,M-001766
claims_b,MB80048179,member,M-001295
claims_b,MB94573712,member,M-000903
claims_b,MB09679848,member,M-000924
claims_b,MB42018286,member,M-000293
claims_b,MB80747752,member,M-002021
claims_b,MB37338124,member,M-000006
claims_b,MB83031143,member,M-001451
claims_b,MB24354859,member,M-001767
claims_b,MB85822412,member,M-000001
claims_b,MB31692809,member,M-001571
claims_b,MB31726318,member,M-000052
claims_b,MB07220897,member,M-001276
claims_b,MB74547422,member,M-001307
claims_b,MB25048615,member,M-001112
claims_b,MB85381661,member,M-001851
claims_b,MB24149421,member,M-000569
claims_b,MB76569490,member,M-001145
claims_b,MB80505645,member,M-000987
claims_b,MB94123965,member,M-000083
claims_b,MB50598851,member,M-000573
claims_b,MB30824989,member,M-000489
claims_b,MB06927215,member,M-000189
claims_b,MB49781518,member,M-001623
claims_b,MB50292051,member,M-001585
claims_b,MB84122098,member,M-001567
claims_b,MB14012339,member,M-002219
claims_b,MB42619317,member,M-001945
claims_b,MB54914054,member,M-000571
claims_b,MB84586329,member,M-000928
claims_b,MB89393218,member,M-002380
claims_b,MB94738032,member,M-002376
claims_b,MB52430296,member,M-001886
claims_b,MB60026580,member,M-002056
claims_b,MB96225740,member,M-000726
claims_b,MB88889317,member,M-001786
claims_b,MB11174172,member,M-002068
claims_b,MB53769608,member,M-001366
claims_b,MB19513094,member,M-001457
claims_b,MB46748074,member,M-000584
claims_b,MB88837400,member,M-000910
claims_b,MB42137166,member,M-001666
claims_b,MB20979701,member,M-001542
claims_b,MB59096899,member,M-000205
claims_b,MB82182875,member,M-001059
claims_b,MB27775381,member,M-000617
claims_b,MB15087236,member,M-002182
claims_b,MB57722445,member,M-001161
claims_b,MB11152355,member,M-001420
claims_b,MB65084661,member,M-001331
claims_b,MB70222787,member,M-001120
claims_b,MB30860700,member,M-001026
claims_b,MB38744673,member,M-000608
claims_b,MB49479669,member,M-001892
claims_b,MB59940949,member,M-001003
claims_b,MB14428014,member,M-000415
claims_b,MB02634395,member,M-001679
claims_b,MB36042404,member,M-000629
claims_b,MB24195880,member,M-002251
claims_b,MB73851788,member,M-001138
claims_b,MB59118000,member,M-001165
claims_b,MB72631078,member,M-001829
claims_b,MB57973424,member,M-001155
claims_b,MB91193599,member,M-002040
claims_b,MB09893106,member,M-000744
claims_b,MB61428713,member,M-000359
claims_b,MB40253107,member,M-001562
claims_b,MB65987927,member,M-001521
claims_b,MB60726434,member,M-000585
claims_b,MB85714702,member,M-001132
claims_b,MB64867032,member,M-001857
claims_b,MB51536717,member,M-000104
claims_b,MB15808361,member,M-000812
claims_b,MB44629892,member,M-000356
claims_b,MB49805178,member,M-000506
claims_b,MB76740966,member,M-001743
claims_b,MB20270856,member,M-000525
claims_b,MB75387867,member,M-000270
claims_b,MB70459205,member,M-001982
claims_b,MB09031632,member,M-000492
claims_b,MB52908270,member,M-002168
claims_b,MB42860106,member,M-002350
claims_b,MB77500742,member,M-000623
claims_b,MB73882978,member,M-001234
claims_b,MB81917334,member,M-000144
claims_b,MB96539316,member,M-000109
claims_b,MB36866059,member,M-002339
claims_b,MB12993840,member,M-000408
claims_b,MB41819114,member,M-001091
claims_b,MB55446317,member,M-000814
claims_b,MB82012822,member,M-000419
claims_b,MB96910313,member,M-000750
claims_b,MB28582041,member,M-001565
claims_b,MB40098215,member,M-002307
claims_b,MB46938140,member,M-001164
claims_b,MB59573887,member,M-001444
claims_b,MB04905998,member,M-001265
claims_b,MB88848098,member,M-000832
claims_b,MB41895110,member,M-001268
claims_b,MB25176902,member,M-000188
claims_b,MB66616115,member,M-001442
claims_b,MB10346606,member,M-000972
claims_b,MB22384662,member,M-000852
claims_b,MB58718382,member,M-000662
claims_b,MB52989744,member,M-000764
claims_b,MB26119862,member,M-001808
claims_b,MB35522715,member,M-001355
claims_b,MB96055394,member,M-000816
claims_b,MB48359530,member,M-001053
claims_b,MB67194013,member,M-001508
claims_b,MB19898606,member,M-001228
claims_b,MB53108878,member,M-000563
claims_b,MB18605786,member,M-001424
claims_b,MB68679929,member,M-000844
claims_b,MB93748393,member,M-000321
claims_b,MB27476059,member,M-001433
claims_b,MB42965968,member,M-002332
claims_b,MB13396125,member,M-000846
claims_b,MB30317902,member,M-001558
claims_b,MB26770527,member,M-000451
claims_b,MB95250511,member,M-001896
claims_b,MB55800998,member,M-001707
claims_b,MB57555628,member,M-001711
claims_b,MB71659221,member,M-000893
claims_b,MB31101353,member,M-002164
claims_b,MB65641573,member,M-002115
claims_b,MB54664494,member,M-001519
claims_b,MB05614174,member,M-000077
claims_b,MB00969945,member,M-001991
claims_b,MB04197492,member,M-001121
claims_b,MB19208935,member,M-000216
claims_b,MB53826716,member,M-000053
claims_b,MB30484663,member,M-001075
claims_b,MB56672010,member,M-001083
claims_b,MB10254278,member,M-001496
claims_b,MB49491122,member,M-000308
claims_b,MB88864649,member,M-001534
claims_b,MB45461591,member,M-000232
claims_b,MB43333406,member,M-002344
claims_b,MB93333735,member,M-001311
claims_b,MB17208745,member,M-000944
claims_b,MB99125431,member,M-001048
claims_b,MB63820451,member,M-002263
claims_b,MB84051119,member,M-002162
claims_b,MB31272553,member,M-000250
claims_b,MB12339511,member,M-002214
claims_b,MB89763770,member,M-002048
claims_b,MB96207619,member,M-002327
claims_b,MB74943752,member,M-002199
claims_b,MB88131849,member,M-002108
claims_b,MB88612211,member,M-000497
claims_b,MB86750938,member,M-002371
claims_b,MB38833650,member,M-000619
claims_b,MB81094790,member,M-000869
claims_b,MB92038468,member,M-000835
claims_b,MB55149958,member,M-000976
claims_b,MB53741103,member,M-002215
claims_b,MB36048781,member,M-000777
claims_b,MB73863413,member,M-000051
claims_b,MB98116677,member,M-000142
claims_b,MB46142898,member,M-000761
claims_b,MB76024718,member,M-001560
claims_b,MB56488286,member,M-001597
claims_b,MB29598969,member,M-000607
claims_b,MB76904329,member,M-002049
claims_b,MB64635885,member,M-002313
claims_b,MB53069304,member,M-001753
claims_b,MB29624910,member,M-001124
claims_b,MB55838294,member,M-000853
claims_b,MB43555463,member,M-001102
claims_b,MB76460539,member,M-000060
claims_b,MB13494908,member,M-000449
claims_b,MB24728879,member,M-001840
claims_b,MB10666936,member,M-002089
claims_b,MB65581613,member,M-000520
claims_b,MB50400522,member,M-001769
claims_b,MB41935074,member,M-001278
claims_b,MB94233276,member,M-002278
claims_b,MB36169218,member,M-002110
claims_b,MB19940314,member,M-001852
claims_b,MB80525899,member,M-001814
claims_b,MB33183955,member,M-000111
claims_b,MB86618062,member,M-001866
claims_b,MB99328127,member,M-001723
claims_b,MB70381542,member,M-001152
claims_b,MB13311507,member,M-000263
claims_b,MB78786294,member,M-001876
claims_b,MB10460758,member,M-000638
claims_b,MB21076551,member,M-001704
claims_b,MB21131878,member,M-001014
claims_b,MB97754450,member,M-002078
claims_b,MB65575808,member,M-000148
claims_b,MB58667423,member,M-001081
claims_b,MB67680031,member,M-000418
claims_b,MB22862463,member,M-002349
claims_b,MB80145249,member,M-002265
claims_b,MB24525524,member,M-001986
claims_b,MB30763714,member,M-001032
claims_b,MB65987111,member,M-001951
claims_b,MB19787096,member,M-002024
claims_b,MB10443030,member,M-000737
claims_b,MB45119729,member,M-001156
claims_b,MB87112459,member,M-001434
claims_b,MB05684813,member,M-000370
claims_b,MB93079853,member,M-002197
claims_b,MB04325890,member,M-000613
claims_b,MB18050706,member,M-001539
claims_b,MB52780072,member,M-000412
claims_b,MB33858172,member,M-002134
claims_b,MB07532195,member,M-000213
claims_b,MB24901990,member,M-001116
claims_b,MB88575748,member,M-000199
claims_b,MB46017729,member,M-000886
claims_b,MB30281491,member,M-000233
claims_b,MB96917555,member,M-000029
claims_b,MB95746805,member,M-000806
claims_b,MB65884623,member,M-000159
claims_b,MB20807167,member,M-001114
claims_b,MB80869462,member,M-000887
claims_b,MB80010054,member,M-001277
claims_b,MB50326016,member,M-000919
claims_b,MB76970753,member,M-000441
claims_b,MB26830448,member,M-000895
claims_b,MB46544523,member,M-002308
claims_b,MB06497381,member,M-000631
claims_b,MB39658873,member,M-001660
claims_b,MB50128319,member,M-001408
claims_b,MB42478375,member,M-001239
claims_b,MB77186069,member,M-002057
claims_b,MB18566572,member,M-000023
claims_b,MB59110577,member,M-001842
claims_b,MB46533974,member,M-000666
claims_b,MB39542951,member,M-001323
claims_b,MB04919926,member,M-000956
claims_b,MB46309454,member,M-000970
claims_b,MB58700864,member,M-001658
claims_b,MB98538517,member,M-002297
claims_b,MB17151649,member,M-001659
claims_b,MB84535600,member,M-001885
claims_b,MB43406567,member,M-001353
claims_b,MB27622679,member,M-001760
claims_b,MB08042731,member,M-001942
claims_b,MB94049898,member,M-000837
claims_b,MB19949181,member,M-000957
claims_b,MB16581824,member,M-001216
claims_b,MB38168910,member,M-001231
claims_b,MB44438762,member,M-000749
claims_b,MB80772485,member,M-002329
claims_b,MB76797698,member,M-002289
claims_b,MB22898616,member,M-001070
claims_b,MB13070100,member,M-002227
claims_b,MB74386123,member,M-000555
claims_b,MB77890494,member,M-000310
claims_b,MB62269929,member,M-002284
claims_b,MB25529779,member,M-001263
claims_b,MB93652923,member,M-001153
claims_b,MB43751263,member,M-001403
claims_b,MB78874216,member,M-001689
claims_b,MB38189707,member,M-001731
claims_b,MB51657620,member,M-001426
claims_b,MB46073103,member,M-001168
claims_b,MB00209961,member,M-000350
claims_b,MB56682016,member,M-000640
claims_b,MB29495837,member,M-002312
claims_b,MB09957701,member,M-000307
claims_b,MB95507402,member,M-002131
claims_b,MB63550616,member,M-001414
claims_b,MB48140388,member,M-000246
claims_b,MB69786361,member,M-001533
claims_b,MB92555887,member,M-001147
claims_b,MB46616029,member,M-001561
claims_b,MB48258264,member,M-000466
claims_b,MB98807658,member,M-001518
claims_b,MB26884696,member,M-001869
claims_b,MB25118997,member,M-000709
claims_b,MB90057130,member,M-000941
claims_b,MB50641104,member,M-001749
claims_b,MB03989423,member,M-001530
claims_b,MB23461307,member,M-001039
claims_b,MB58810561,member,M-000373
claims_b,MB02823170,member,M-000040
claims_b,MB42222252,member,M-002224
claims_b,MB28463020,member,M-002366
claims_b,MB78809974,member,M-001472
claims_b,MB32483531,member,M-000572
claims_b,MB68333267,member,M-000421
claims_b,MB37945817,member,M-000171
claims_b,MB21204188,member,M-000632
claims_b,MB11395409,member,M-000688
claims_b,MB10500470,member,M-001318
claims_b,MB83154172,member,M-000237
claims_b,MB19175605,member,M-001745
claims_b,MB94857204,member,M-001389
claims_b,MB81709974,member,M-001788
claims_b,MB68386961,member,M-000651
claims_b,MB84014298,member,M-002159
claims_b,MB58211760,member,M-000820
claims_b,MB15294777,member,M-000594
claims_b,MB63215242,member,M-001406
claims_b,MB81624673,member,M-001463
claims_b,MB23978249,member,M-000030
claims_b,MB48219211,member,M-001370
claims_b,MB93725349,member,M-001997
claims_b,MB13116517,member,M-001553
claims_b,MB11669195,member,M-002088
claims_b,MB90297353,member,M-000479
claims_b,MB98129162,member,M-000459
claims_b,MB44468633,member,M-000811
claims_b,MB14768716,member,M-002172
claims_b,MB04631527,member,M-001971
claims_b,MB53991141,member,M-000494
claims_b,MB66505939,member,M-002098
claims_b,MB93494928,member,M-000055
claims_b,MB62363359,member,M-000108
claims_b,MB62305089,member,M-001821
claims_b,MB48082464,member,M-000253
claims_b,MB69193132,member,M-002102
claims_b,MB24073380,member,M-000081
claims_b,MB04531191,member,M-002322
claims_b,MB67913458,member,M-001262
claims_b,MB39786693,member,M-000920
claims_b,MB46095437,member,M-000313
claims_b,MB75603667,member,M-000644
claims_b,MB40987442,member,M-000166
claims_b,MB09901281,member,M-002205
claims_b,MB76391152,member,M-001645
claims_b,MB67292380,member,M-000312
claims_b,MB77004412,member,M-001459
claims_b,MB32008932,member,M-001372
claims_b,MB70238316,member,M-001077
claims_b,MB66830369,member,M-002006
claims_b,MB88549488,member,M-002009
claims_b,MB32329237,member,M-000034
claims_b,MB07224328,member,M-001066
claims_b,MB81987136,member,M-000877
claims_b,MB60016768,member,M-001299
claims_b,MB30208616,member,M-002029
claims_b,MB74303190,member,M-000762
claims_b,MB70162053,member,M-000315
claims_b,MB67085942,member,M-000348
claims_b,MB50885459,member,M-000126
claims_b,MB63733841,member,M-001586
claims_b,MB39379055,member,M-002061
claims_b,MB25529407,member,M-000049
claims_b,MB40550084,member,M-000220
claims_b,MB68891441,member,M-000793
claims_b,MB55573350,member,M-002274
claims_b,MB05512205,member,M-000136
claims_b,MB91743095,member,M-001870
claims_b,MB75067208,member,M-002216
claims_b,MB71286543,member,M-000058
claims_b,MB83728466,member,M-002280
claims_b,MB32537638,member,M-000567
claims_b,MB64693042,member,M-001959
claims_b,MB60394210,member,M-001879
claims_b,MB82362000,member,M-000747
claims_b,MB40794416,member,M-001726
claims_b,MB33742830,member,M-000153
claims_b,MB28885391,member,M-002065
claims_b,MB68559074,member,M-000983
claims_b,MB54913082,member,M-000605
claims_b,MB09150490,member,M-000912
claims_b,MB78674767,member,M-001774
claims_b,MB48433612,member,M-002200
claims_b,MB09795032,member,M-002249
claims_b,MB09189076,member,M-001085
claims_b,MB86942366,member,M-002071
claims_b,MB63102032,member,M-001094
claims_b,MB51414775,member,M-000641
claims_b,MB15578562,member,M-000582
claims_b,MB46676884,member,M-000486
claims_b,MB90996763,member,M-001803
claims_b,MB37432067,member,M-001528
claims_b,MB81339562,member,M-001798
claims_b,MB29233657,member,M-002150
claims_b,MB92917283,member,M-000538
claims_b,MB91142316,member,M-002099
claims_b,MB90990079,member,M-000858
claims_b,MB89501846,member,M-000217
claims_b,MB54692890,member,M-001773
claims_b,MB48537831,member,M-000011
claims_b,MB49203071,member,M-000830
claims_b,MB89774697,member,M-000121
claims_b,MB68603195,member,M-001036
claims_b,MB84790150,member,M-000358
claims_b,MB18453800,member,M-000524
claims_b,MB34716747,member,M-000790
claims_b,MB62732043,member,M-000122
claims_b,MB01889398,member,M-000822
claims_b,MB87069904,member,M-000513
claims_b,MB58488779,member,M-001629
claims_b,MB37465789,member,M-001916
claims_b,MB15123535,member,M-001397
claims_b,MB85847718,member,M-002154
claims_b,MB73998961,member,M-000264
claims_b,MB46109986,member,M-001321
claims_b,MB75990691,member,M-002146
claims_b,MB91590630,member,M-001443
claims_b,MB08373492,member,M-001354
claims_b,MB88013189,member,M-001125
claims_b,MB33266810,member,M-000718
claims_b,MB91816788,member,M-001383
claims_b,MB14716857,member,M-000024
claims_b,MB30310459,member,M-002353
claims_b,MB20162191,member,M-002186
claims_b,MB74198767,member,M-001908
claims_b,MB55686049,member,M-001946
claims_b,MB95532642,member,M-001305
claims_b,MB91014040,member,M-001531
claims_b,MB90106068,member,M-000500
claims_b,MB68967357,member,M-000906
claims_b,MB50601468,member,M-002014
claims_b,MB43359494,member,M-002192
claims_b,MB13698845,member,M-002362
claims_b,MB86087848,member,M-000861
claims_b,MB78673120,member,M-001975
claims_b,MB85295586,member,M-000601
claims_b,MB46802956,member,M-000796
claims_b,MB96721692,member,M-000398
claims_b,MB74759271,member,M-001620
claims_b,MB63187139,member,M-000808
claims_b,MB90701132,member,M-001822
claims_b,MB90142381,member,M-001791
claims_b,MB39258091,member,M-001176
claims_b,MB54609958,member,M-001805
claims_b,MB28345472,member,M-000829
claims_b,MB06280294,member,M-002333
claims_b,MB20980122,member,M-001694
claims_b,MB34675473,member,M-000146
claims_b,MB56158469,member,M-001894
claims_b,MB95868110,member,M-001286
claims_b,MB37071046,member,M-000770
claims_b,MB27430524,member,M-001953
claims_b,MB41395350,member,M-000287
claims_b,MB39171088,member,M-000556
claims_b,MB97663808,member,M-001978
claims_b,MB13596829,member,M-002374
claims_b,MB45667651,member,M-000007
claims_b,MB25925669,member,M-000461
claims_b,MB80559564,member,M-000754
claims_b,MB27226295,member,M-001223
claims_b,MB15132198,member,M-000653
claims_b,MB86996261,member,M-001432
claims_b,MB00512117,member,M-000753
claims_b,MB68072320,member,M-000955
claims_b,MB77446468,member,M-000162
claims_b,MB98563672,member,M-002266
claims_b,MB14474127,member,M-001812
claims_b,MB90961791,member,M-001344
claims_b,MB96526032,member,M-002011
claims_b,MB62654864,member,M-000411
claims_b,MB88605814,member,M-001296
claims_b,MB70574548,member,M-001123
claims_b,MB38851553,member,M-002120
claims_b,MB59479985,member,M-001069
claims_b,MB03808225,member,M-000399
claims_b,MB12483514,member,M-001028
claims_b,MB17956913,member,M-000827
claims_b,MB11716836,member,M-000553
claims_b,MB98657752,member,M-000082
claims_b,MB01435415,member,M-002091
claims_b,MB86516297,member,M-002051
claims_b,MB47576607,member,M-001728
claims_b,MB03860039,member,M-001499
claims_b,MB89318726,member,M-002012
claims_b,MB22969840,member,M-000016
claims_b,MB85978796,member,M-001939
claims_b,MB66756320,member,M-000867
claims_b,MB73305194,member,M-001315
claims_b,MB14681002,member,M-001540
claims_b,MB37290843,member,M-002361
claims_b,MB72723772,member,M-001757
claims_b,MB01785713,member,M-001670
claims_b,MB11783647,member,M-001185
claims_b,MB35507920,member,M-000172
claims_b,MB72060023,member,M-000593
claims_b,MB43233116,member,M-000260
claims_b,MB89135168,member,M-001926
claims_b,MB24146337,member,M-002324
claims_b,MB03670974,member,M-001598
claims_b,MB06818112,member,M-000072
claims_b,MB78479996,member,M-002054
claims_b,MB72029307,member,M-000475
claims_b,MB20224423,member,M-001090
claims_b,MB07148018,member,M-000340
claims_b,MB51320957,member,M-001865
claims_b,MB52425387,member,M-002190
claims_b,MB13190487,member,M-001342
claims_b,MB21212522,member,M-001401
claims_b,MB23593960,member,M-000454
claims_b,MB88817918,member,M-000980
claims_b,MB88221829,member,M-000684
claims_b,MB28410963,member,M-001375
claims_b,MB53255602,member,M-000959
claims_b,MB01089747,member,M-001301
claims_b,MB58743898,member,M-000933
claims_b,MB98812961,member,M-000882
claims_b,MB14319594,member,M-001033
claims_b,MB15158211,member,M-000856
claims_b,MB04623108,member,M-001920
claims_b,MB17590313,member,M-002336
claims_b,MB50040550,member,M-001468
claims_b,MB45999465,member,M-000850
claims_b,MB37319033,member,M-002330
claims_b,MB31611127,member,M-000464
claims_b,MB05727862,member,M-000767
claims_b,MB55325058,member,M-001076
claims_b,MB73893835,member,M-001861
claims_b,MB26332415,member,M-000518
claims_b,MB71056927,member,M-001180
claims_b,MB55491233,member,M-001288
claims_b,MB69429969,member,M-000802
claims_b,MB12684736,member,M-001489
claims_b,MB45430797,member,M-002042
claims_b,MB16587799,member,M-000235
claims_b,MB56733465,member,M-001958
claims_b,MB75751409,member,M-000123
claims_b,MB05609238,member,M-001778
claims_b,MB33646722,member,M-000943
claims_b,MB57337891,member,M-000499
claims_b,MB52133188,member,M-000720
claims_b,MB87363169,member,M-001970
claims_b,MB59020960,member,M-000759
claims_b,MB44492381,member,M-000776
claims_b,MB71611045,member,M-001761
claims_b,MB16726926,member,M-000093
claims_b,MB06580878,member,M-001230
claims_b,MB84644215,member,M-001208
claims_b,MB03296743,member,M-000581
claims_b,MB72079745,member,M-000913
claims_b,MB81924787,member,M-002235
claims_b,MB40577537,member,M-001182
claims_b,MB71473736,member,M-001337
claims_b,MB46120632,member,M-001060
claims_b,MB19587040,member,M-000559
claims_b,MB15682275,member,M-001626
claims_b,MB43496580,member,M-001215
claims_b,MB46815569,member,M-000440
claims_b,MB67108989,member,M-002118
claims_b,MB32472381,member,M-000788
claims_b,MB79864260,member,M-000059
claims_b,MB31726640,member,M-001591
claims_b,MB23813700,member,M-000905
claims_b,MB61694016,member,M-001537
claims_b,MB13238889,member,M-002140
claims_b,MB08448940,member,M-001445
claims_b,MB32713008,member,M-000195
claims_b,MB65826121,member,M-002062
claims_b,MB64657836,member,M-000800
claims_b,MB43298644,member,M-001119
claims_b,MB03922081,member,M-002010
claims_b,MB40618137,member,M-001260
claims_b,MB73226170,member,M-000401
claims_b,MB88388851,member,M-001522
claims_b,MB26802975,member,M-000335
claims_b,MB56606345,member,M-002331
claims_b,MB40151803,member,M-000219
claims_b,MB28944689,member,M-000345
claims_b,MB78577462,member,M-001212
claims_b,MB48345978,member,M-002001
claims_b,MB73948598,member,M-001461
claims_b,MB99390397,member,M-001664
claims_b,MB52401521,member,M-000054
claims_b,MB31193292,member,M-001929
claims_b,MB63602527,member,M-002041
claims_b,MB46150365,member,M-001455
claims_b,MB04547522,member,M-001594
claims_b,MB19990477,member,M-000423
claims_b,MB84772931,member,M-001716
claims_b,MB66252048,member,M-002370
claims_b,MB15682621,member,M-001257
claims_b,MB69425047,member,M-001806
claims_b,MB97354742,member,M-001511
claims_b,MB50653170,member,M-001923
claims_b,MB28557229,member,M-001931
claims_b,MB57503414,member,M-000022
claims_b,MB14678711,member,M-001441
claims_b,MB11370793,member,M-000322
claims_b,MB75416933,member,M-002015
claims_b,MB29573041,member,M-002152
claims_b,MB72369824,member,M-001320
claims_b,MB91188948,member,M-000372
claims_b,MB16505688,member,M-001783
claims_b,MB86274567,member,M-000357
claims_b,MB01693222,member,M-001095
claims_b,MB97460687,member,M-001017
claims_b,MB72475098,member,M-000177
claims_b,MB76520583,member,M-002223
claims_b,MB87580116,member,M-002298
claims_b,MB95737424,member,M-001824
claims_b,MB02015179,member,M-001200
claims_b,MB51079694,member,M-001546
claims_b,MB21746728,member,M-001692
claims_b,MB34363268,member,M-002241
claims_b,MB95925983,member,M-000342
claims_b,MB75146293,member,M-000079
claims_b,MB07267644,member,M-001037
claims_b,MB67934076,member,M-002059
claims_b,MB16782477,member,M-001089
claims_b,MB79694801,member,M-000799
claims_b,MB71391010,member,M-001438
claims_b,MB94350608,member,M-002025
claims_b,MB64474159,member,M-000892
claims_b,MB41313669,member,M-001966
claims_b,MB26054020,member,M-000156
claims_b,MB61408972,member,M-002036
claims_b,MB48255231,member,M-000575
claims_b,MB59584522,member,M-000376
claims_b,MB11813404,member,M-002345
claims_b,MB79010042,member,M-000825
claims_b,MB25748341,member,M-000095
claims_b,MB45080697,member,M-001446
claims_b,MB77984620,member,M-001188
claims_b,MB54575354,member,M-001421
claims_b,MB89934747,member,M-001308
claims_b,MB64843897,member,M-002100
claims_b,MB66080806,member,M-001035
claims_b,MB63308406,member,M-000717
claims_b,MB48034735,member,M-001841
claims_b,MB89300492,member,M-000271
claims_b,MB18213276,member,M-000124
claims_b,MB99494541,member,M-002136
claims_b,MB39071522,member,M-001891
claims_b,MB27636546,member,M-001554
claims_b,MB82138779,member,M-001195
claims_b,MB35570755,member,M-000207
claims_b,MB13779264,member,M-001681
claims_b,MB95075416,member,M-000570
claims_b,MB07257686,member,M-001948
claims_b,MB56135725,member,M-002085
claims_b,MB36366259,member,M-001391
claims_b,MB19588118,member,M-001615
claims_b,MB11173787,member,M-001067
claims_b,MB56348030,member,M-000347
claims_b,MB41382580,member,M-001922
claims_b,MB08994192,member,M-000769
claims_b,MB13854626,member,M-000966
claims_b,MB20601268,member,M-002072
claims_b,MB26353784,member,M-001503
claims_b,MB61410640,member,M-001203
claims_b,MB88983888,member,M-001175
claims_b,MB43385340,member,M-001618
claims_b,MB63697356,member,M-000789
claims_b,MB43883276,member,M-001532
claims_b,MB70106555,member,M-001992
claims_b,MB60165940,member,M-001956
claims_b,MB65718640,member,M-000602
claims_b,MB74437458,member,M-000068
claims_b,MB16094525,member,M-000696
claims_b,MB51254050,member,M-000334
claims_b,MB10570029,member,M-002230
claims_b,MB13453152,member,M-002170
claims_b,MB82147935,member,M-001393
claims_b,MB21361812,member,M-000110
claims_b,MB11220004,member,M-002173
claims_b,MB67575794,member,M-001697
claims_b,MB52783304,member,M-001715
claims_b,MB55857931,member,M-000164
claims_b,MB80048665,member,M-000025
claims_b,MB67718480,member,M-001622
claims_b,MB44713904,member,M-002028
claims_b,MB15814687,member,M-000995
claims_b,MB77789079,member,M-000228
claims_b,MB53670451,member,M-002116
claims_b,MB21366552,member,M-002031
claims_b,MB76113817,member,M-001985
claims_b,MB70460439,member,M-002128
claims_b,MB62464258,member,M-000467
claims_b,MB97710595,member,M-001471
claims_b,MB00561104,member,M-001964
claims_b,MB40261914,member,M-000533
claims_b,MB32981324,member,M-000519
claims_b,MB88369672,member,M-000650
claims_b,MB54649480,member,M-000782
claims_b,MB85100169,member,M-000935
claims_b,MB71729237,member,M-000628
claims_b,MB42035079,member,M-000598
claims_b,MB31927492,member,M-001225
claims_b,MB54008708,member,M-001649
claims_b,MB37903378,member,M-002225
claims_b,MB75575530,member,M-001782
claims_b,MB73489212,member,M-001747
claims_b,MB56379776,member,M-001807
claims_b,MB46323191,member,M-000442
claims_b,MB37385696,member,M-000050
claims_b,MB74685481,member,M-002340
claims_b,MB71199906,member,M-002185
claims_b,MB64894729,member,M-000962
claims_b,MB82947099,member,M-001608
claims_b,MB56764586,member,M-001436
claims_b,MB66409428,member,M-001686
claims_b,MB05662097,member,M-001099
claims_b,MB67388734,member,M-002273
claims_b,MB96464619,member,M-000209
claims_b,MB53598753,member,M-001912
claims_b,MB36602780,member,M-001574
claims_b,MB86213226,member,M-000390
claims_b,MB19871432,member,M-001635
claims_b,MB95189821,member,M-002112
claims_b,MB26826266,member,M-001652
claims_b,MB05505291,member,M-001340
claims_b,MB15906458,member,M-001611
claims_b,MB72684966,member,M-000683
claims_b,MB44013571,member,M-000462
claims_b,MB43231088,member,M-000622
claims_b,MB43042832,member,M-001117
claims_b,MB81945021,member,M-001392
claims_b,MB07045237,member,M-000448
claims_b,MB68090647,member,M-000807
claims_b,MB29633659,member,M-000940
claims_b,MB83134088,member,M-001348
claims_b,MB37207440,member,M-001482
claims_b,MB40691933,member,M-001796
claims_b,MB26772387,member,M-000360
claims_b,MB55757342,member,M-000478
claims_b,MB11307671,member,M-000649
claims_b,MB40194740,member,M-001872
claims_b,MB08147644,member,M-001684
claims_b,MB52092026,member,M-001855
claims_b,MB53458386,member,M-000541
claims_b,MB08045780,member,M-001727
claims_b,MB59691437,member,M-000552
claims_b,MB41936181,member,M-000272
claims_b,MB49891348,member,M-001136
claims_b,MB85125977,member,M-000071
claims_b,MB92408696,member,M-000733
claims_b,MB12114140,member,M-000724
claims_b,MB69634938,member,M-001862
claims_b,MB09067690,member,M-000355
claims_b,MB49629263,member,M-001330
claims_b,MB22145548,member,M-000748
claims_b,MB10891605,member,M-001790
claims_b,MB03026428,member,M-001464
claims_b,MB30677709,member,M-001046
claims_b,MB12822379,member,M-001905
claims_b,MB72446804,member,M-000327
claims_b,MB26577865,member,M-001984
claims_b,MB14972279,member,M-000028
claims_b,MB05613827,member,M-001204
claims_b,MB90105606,member,M-001201
claims_b,MB55265613,member,M-001054
claims_b,MB70218664,member,M-002275
claims_b,MB25140847,member,M-000351
claims_b,MB56457460,member,M-002282
claims_b,MB37824471,member,M-002183
claims_b,MB57329147,member,M-002180
claims_b,MB64929189,member,M-001001
claims_b,MB68806311,member,M-001874
claims_b,MB27002880,member,M-001245
claims_b,MB89482259,member,M-001101
claims_b,MB91365617,member,M-000431
claims_b,MB40883024,member,M-002386
claims_b,MB09083764,member,M-000352
claims_b,MB03478029,member,M-000378
claims_b,MB95992406,member,M-001690
claims_b,MB38668339,member,M-000346
claims_b,MB56925051,member,M-001312
claims_b,MB34603983,member,M-001025
claims_b,MB32798491,member,M-002392
claims_b,MB91545441,member,M-000078
claims_b,MB66960098,member,M-000711
claims_b,MB58959861,member,M-001202
claims_b,MB49755172,member,M-000515
claims_b,MB10952896,member,M-000341
claims_b,MB87056735,member,M-001675
claims_b,MB37596710,member,M-002239
claims_b,MB29781129,member,M-001141
claims_b,MB85836028,member,M-001074
claims_b,MB22955139,member,M-002375
claims_b,MB42481834,member,M-001552
claims_b,MB26786211,member,M-000084
claims_b,MB37550897,member,M-000712
claims_b,MB98711733,member,M-001377
claims_b,MB46119311,member,M-001535
claims_b,MB59735865,member,M-000639
claims_b,MB55510043,member,M-001162
claims_b,MB12690720,member,M-002050
claims_b,MB61043277,member,M-002238
claims_b,MB43075436,member,M-000917
claims_b,MB21810617,member,M-000080
claims_b,MB68354185,member,M-002148
claims_b,MB36632757,member,M-000120
claims_b,MB77585294,member,M-000743
claims_b,MB57293719,member,M-001976
claims_b,MB36501299,member,M-000692
claims_b,MB24272734,member,M-000329
claims_b,MB31168067,member,M-000453
claims_b,MB44084785,member,M-001787
claims_b,MB15296699,member,M-001698
claims_b,MB25186888,member,M-002270
claims_b,MB48966946,member,M-000014
claims_b,MB30037183,member,M-001281
claims_b,MB05662934,member,M-001837
claims_b,MB54920799,member,M-000815
claims_b,MB58238367,member,M-000536
claims_b,MB63358574,member,M-002133
claims_b,MB32580349,member,M-000557
claims_b,MB63889312,member,M-001390
claims_b,MB75572241,member,M-001653
claims_b,MB71954780,member,M-000998
claims_b,MB32287747,member,M-002363
claims_b,MB90455408,member,M-002268
claims_b,MB62903261,member,M-002086
claims_b,MB53290556,member,M-001065
claims_b,MB95315679,member,M-002389
claims_b,MB49113508,member,M-001043
claims_b,MB40818905,member,M-000393
claims_b,MB50806024,member,M-000010
claims_b,MB78055069,member,M-000151
claims_b,MB44793758,member,M-002367
claims_b,MB33358157,member,M-001999
claims_b,MB53414658,member,M-001980
claims_b,MB62608888,member,M-000407
claims_b,MB77162674,member,M-001019
claims_b,MB24706569,member,M-002261
claims_b,MB66855296,member,M-001639
claims_b,MB37539330,member,M-002160
claims_b,MB13346779,member,M-002052
claims_b,MB65534015,member,M-002103
claims_b,MB65359668,member,M-001388
claims_b,MB97691465,member,M-000487
claims_b,MB52409851,member,M-001361
claims_b,MB56072388,member,M-001417
claims_b,MB66479831,member,M-000609
claims_b,MB48853980,member,M-001430
claims_b,MB96480625,member,M-001844
claims_b,MB26589676,member,M-001159
claims_b,MB02854636,member,M-002335
claims_b,MB85306788,member,M-000139
claims_b,MB65880113,member,M-001650
claims_b,MB24635056,member,M-001950
claims_b,MB66743428,member,M-000514
claims_b,MB24936450,member,M-001313
claims_b,MB14781783,member,M-001404
claims_b,MB54364546,member,M-000589
claims_b,MB34224936,member,M-000505
claims_b,MB64743230,member,M-001289
claims_b,MB67560039,member,M-002281
claims_b,MB18790705,member,M-000953
claims_b,MB60532325,member,M-000603
claims_b,MB49908025,member,M-000635
claims_b,MB85480242,member,M-000891
claims_b,MB34738319,member,M-000704
claims_b,MB21009452,member,M-000169
claims_b,MB50760544,member,M-001850
claims_b,MB01129926,member,M-001040
claims_b,MB46241881,member,M-000481
claims_b,MB80563579,member,M-001007
claims_b,MB91040800,member,M-000333
claims_b,MB17609040,member,M-002233
claims_b,MB74121929,member,M-000192
claims_b,MB50435319,member,M-001474
claims_b,MB50070135,member,M-000532
claims_b,MB32275631,member,M-000542
claims_b,MB99296451,member,M-000949
claims_b,MB25086055,member,M-000973
claims_b,MB37228730,member,M-001507
claims_b,MB13553285,member,M-000836
claims_b,MB05360735,member,M-000909
claims_b,MB99548863,member,M-002309
claims_b,MB21856387,member,M-001739
claims_b,MB50903955,member,M-000534
claims_b,MB07672593,member,M-000057
claims_b,MB80801586,member,M-000004
claims_b,MB85700705,member,M-001100
claims_b,MB56240084,member,M-000119
claims_b,MB21716808,member,M-001423
claims_b,MB16494625,member,M-001998
claims_b,MB86583583,member,M-002323
claims_b,MB22634412,member,M-000948
claims_b,MB62689644,member,M-001954
claims_b,MB81406527,member,M-000981
claims_b,MB94035195,member,M-001590
claims_b,MB28619492,member,M-001384
claims_b,MB12514663,member,M-001888
claims_b,MB86526748,member,M-000942
claims_b,MB58549800,member,M-001687
claims_b,MB81214453,member,M-000375
claims_b,MB26182785,member,M-002005
claims_b,MB77160950,member,M-001022
claims_b,MB33734435,member,M-000902
claims_b,MB95012811,member,M-000665
claims_b,MB58809216,member,M-000854
claims_b,MB40318100,member,M-001148
claims_b,MB40643870,member,M-000306
claims_b,MB50622628,member,M-000507
claims_b,MB23357554,member,M-000096
claims_b,MB76609843,member,M-001638
claims_b,MB90466021,member,M-001013
claims_b,MB80301439,member,M-000993
claims_b,MB59804203,member,M-001469
claims_b,MB96417034,member,M-000405
claims_b,MB64725282,member,M-000988
claims_b,MB19482024,member,M-001190
claims_b,MB45642455,member,M-001367
claims_b,MB57801537,member,M-000290
claims_b,MB32100652,member,M-000332
claims_b,MB09295792,member,M-002259
claims_b,MB12119391,member,M-000309
claims_b,MB97009671,member,M-000672
claims_b,MB74834795,member,M-001000
claims_b,MB85199362,member,M-000182
claims_b,MB20454105,member,M-000947
claims_b,MB92549695,member,M-001809
claims_b,MB45247029,member,M-001925
claims_b,MB82241997,member,M-002348
claims_b,MB52741214,member,M-000691
claims_b,MB42768905,member,M-001569
claims_b,MB78108751,member,M-000626
claims_b,MB05864298,member,M-000330
claims_b,MB92320749,member,M-001481
claims_b,MB81121400,member,M-000511
claims_b,MB34227688,member,M-000908
claims_b,MB53551839,member,M-000038
claims_b,MB07318358,member,M-000158
claims_b,MB63481353,member,M-000045
claims_b,MB97257257,member,M-001826
claims_b,MB63701495,member,M-001473
claims_b,MB07028380,member,M-000317
claims_b,MB82778089,member,M-001672
claims_b,MB70416822,member,M-001236
claims_b,MB68228715,member,M-001004
claims_b,MB87131500,member,M-000731
claims_b,MB76830962,member,M-001729
claims_b,MB90884102,member,M-000587
claims_b,MB91211707,member,M-000950
claims_b,MB67355419,member,M-000971
claims_b,MB96323085,member,M-000369
claims_b,MB15755285,member,M-000614
claims_b,MB80272292,member,M-001944
claims_b,MB57045601,member,M-001860
claims_b,MB27409946,member,M-001952
claims_b,MB18850770,member,M-000876
claims_b,MB05892974,member,M-001219
claims_b,MB93503250,member,M-001419
claims_b,MB87499829,member,M-002314
claims_b,MB21265947,member,M-002292
claims_b,MB41302939,member,M-001373
claims_b,MB33878996,member,M-000531
claims_b,MB91461639,member,M-001098
claims_b,MB92291478,member,M-001937
claims_b,MB52324272,member,M-001068
claims_b,MB16206185,member,M-001385
claims_b,MB77132010,member,M-001285
claims_b,MB12120246,member,M-000234
claims_b,MB02012537,member,M-001930
claims_b,MB95746990,member,M-000714
claims_b,MB50237832,member,M-000267
claims_b,MB94685468,member,M-002157
claims_b,MB66034587,member,M-001087
claims_b,MB17036337,member,M-000667
claims_b,MB64119726,member,M-000161
claims_b,MB05149455,member,M-002126
claims_b,MB53518621,member,M-001336
claims_b,MB67543749,member,M-002377
claims_b,MB44097476,member,M-002104
claims_b,MB98926537,member,M-000719
claims_b,MB66725470,member,M-001381
claims_b,MB43756742,member,M-001909
claims_b,MB40841111,member,M-002130
claims_b,MB87980930,member,M-000302
claims_b,MB26757737,member,M-000129
claims_b,MB39516346,member,M-001210
claims_b,MB63645847,member,M-002141
claims_b,MB46828593,member,M-002079
claims_b,MB42441045,member,M-001490
claims_b,MB08277097,member,M-000702
claims_b,MB87283256,member,M-002046
claims_b,MB71802559,member,M-001088
claims_b,MB45694444,member,M-002357
claims_b,MB17021671,member,M-001327
claims_b,MB46321751,member,M-000200
claims_b,MB18463709,member,M-000326
claims_b,MB00968781,member,M-001080
claims_b,MB12130508,member,M-000211
claims_b,MB19996104,member,M-001751
claims_b,MB03891332,member,M-001275
claims_b,MB81734598,member,M-000031
claims_b,MB62199925,member,M-001677
claims_b,MB38133464,member,M-001636
claims_b,MB34392446,member,M-000131
claims_b,MB60286467,member,M-001187
claims_b,MB35255913,member,M-001479
claims_b,MB37215199,member,M-000251
claims_b,MB84646134,member,M-001319
claims_b,MB18740864,member,M-000021
claims_b,MB09510600,member,M-001402
claims_b,MB28874646,member,M-000280
claims_b,MB85424369,member,M-001738
claims_b,MB84103363,member,M-000954
claims_b,MB63070585,member,M-000170
claims_b,MB76325036,member,M-001410
claims_b,MB28799154,member,M-000380
claims_b,MB71083363,member,M-001488
claims_b,MB84695784,member,M-000817
claims_b,MB99399128,member,M-002017
claims_b,MB86104027,member,M-000483
claims_b,MB56379329,member,M-000138
claims_b,MB47287718,member,M-000225
claims_b,MB86615201,member,M-001972
claims_b,MB33446826,member,M-000107
claims_b,MB31541166,member,M-000865
claims_b,MB33322272,member,M-000409
claims_b,MB20585690,member,M-002288
claims_b,MB41009896,member,M-001600
claims_b,MB76427662,member,M-001680
claims_b,MB36619573,member,M-000458
claims_b,MB80142849,member,M-002221
claims_b,MB18341704,member,M-001963
claims_b,MB62423883,member,M-000678
claims_b,MB69651618,member,M-001737
claims_b,MB27246265,member,M-001859
claims_b,MB39807633,member,M-001427
claims_b,MB88184081,member,M-001915
claims_b,MB63242092,member,M-001169
claims_b,MB87074691,member,M-001721
claims_b,MB36778269,member,M-000634
claims_b,MB68530276,member,M-002063
claims_b,MB69340535,member,M-000147
claims_b,MB99798657,member,M-002208
claims_b,MB74076145,member,M-000588
claims_b,MB30317689,member,M-002181
claims_b,MB47477880,member,M-002111
claims_b,MB41546065,member,M-002237
claims_b,MB52741841,member,M-001665
claims_b,MB65432046,member,M-001283
claims_b,MB59572772,member,M-000606
claims_b,MB88429450,member,M-000100
claims_b,MB70573568,member,M-000713
claims_b,MB82894635,member,M-002121
claims_b,MB58291349,member,M-001150
claims_b,MB55243509,member,M-000620
claims_b,MB10926356,member,M-001854
claims_b,MB28290610,member,M-000922
claims_b,MB90926119,member,M-001846
claims_b,MB10896797,member,M-000168
claims_b,MB75672859,member,M-000680
claims_b,MB98969478,member,M-001326
claims_b,MB52902012,member,M-001205
claims_b,MB77217700,member,M-002090
claims_b,MB14260594,member,M-001358
claims_b,MB82650976,member,M-001328
claims_b,MB49333294,member,M-000642
claims_b,MB70381817,member,M-000530
claims_b,MB05020855,member,M-002229
claims_b,MB54867187,member,M-001987
claims_b,MB22969985,member,M-002334
claims_b,MB59345683,member,M-000099
claims_b,MB82677226,member,M-001248
claims_b,MB06004304,member,M-002064
claims_b,MB56500369,member,M-000255
claims_b,MB83182506,member,M-000872
claims_b,MB65987872,member,M-000863
claims_b,MB53992760,member,M-000659
claims_b,MB27365878,member,M-000433
claims_b,MB03143613,member,M-001725
claims_b,MB68089422,member,M-001703
claims_b,MB95590765,member,M-002260
claims_b,MB41258084,member,M-002286
claims_b,MB80003898,member,M-001293
claims_b,MB17705940,member,M-001625
claims_b,MB79060695,member,M-000991
claims_b,MB23637158,member,M-002166
claims_b,MB62309982,member,M-001914
claims_b,MB65997979,member,M-001981
claims_b,MB59622247,member,M-001470
claims_b,MB77662596,member,M-000967
claims_b,MB94969350,member,M-000503
claims_b,MB80444404,member,M-000979
claims_b,MB46544270,member,M-001902
claims_b,MB61021210,member,M-000965
claims_b,MB60201634,member,M-000484
claims_b,MB60467027,member,M-000165
claims_b,MB42752377,member,M-000424
claims_b,MB07319968,member,M-001167
claims_b,MB12120705,member,M-001578
claims_b,MB20157712,member,M-002228
claims_b,MB74256721,member,M-001685
claims_b,MB50226379,member,M-001261
claims_b,MB15503345,member,M-000756
claims_b,MB71110769,member,M-000990
claims_b,MB80973889,member,M-000697
claims_b,MB82266282,member,M-001628
claims_b,MB30885447,member,M-002196
claims_b,MB95449930,member,M-000698
claims_b,MB22620027,member,M-002096
claims_b,MB46223620,member,M-001979
claims_b,MB91989363,member,M-001541
claims_b,MB12842469,member,M-001395
claims_b,MB04789956,member,M-002372
claims_b,MB81014793,member,M-002073
claims_b,MB53440127,member,M-000388
claims_b,MB33635732,member,M-001913
claims_b,MB56061934,member,M-000294
claims_b,MB61433172,member,M-001740
claims_b,MB00553491,member,M-000823
claims_b,MB24517408,member,M-001765
claims_b,MB42211394,member,M-001258
claims_b,MB14883373,member,M-000286
claims_b,MB34331441,member,M-000831
claims_b,MB26260378,member,M-002038
claims_b,MB47194894,member,M-001492
claims_b,MB58764105,member,M-001701
claims_b,MB82467167,member,M-000396
claims_b,MB57774765,member,M-000578
claims_b,MB13560284,member,M-002373
claims_b,MB74705402,member,M-000907
claims_b,MB61343676,member,M-000878
claims_b,MB04270425,member,M-001122
claims_b,MB11382241,member,M-002184
claims_b,MB85735668,member,M-001352
claims_b,MB57889258,member,M-001613
claims_b,MB35239935,member,M-001157
claims_b,MB67531176,member,M-002385
claims_b,MB85682794,member,M-002301
claims_b,MB66532158,member,M-001682
claims_b,MB98556123,member,M-001128
claims_b,MB43855682,member,M-000661
credentialing,CRD-0732,provider,P-0001
credentialing,CRD-0424,provider,P-0002
credentialing,CRD-0848,provider,P-0003
credentialing,CRD-0803,provider,P-0004
credentialing,CRD-0391,provider,P-0005
credentialing,CRD-0070,provider,P-0006
credentialing,CRD-0847,provider,P-0007
credentialing,CRD-0474,provider,P-0008
credentialing,CRD-0187,provider,P-0009
credentialing,CRD-0865,provider,P-0010
credentialing,CRD-0683,provider,P-0011
credentialing,CRD-0635,provider,P-0012
credentialing,CRD-0638,provider,P-0013
credentialing,CRD-0475,provider,P-0014
credentialing,CRD-0470,provider,P-0015
credentialing,CRD-0582,provider,P-0016
credentialing,CRD-0696,provider,P-0017
credentialing,CRD-0096,provider,P-0018
credentialing,CRD-0015,provider,P-0019
credentialing,CRD-0422,provider,P-0020
credentialing,CRD-0839,provider,P-0021
credentialing,CRD-0853,provider,P-0022
credentialing,CRD-0748,provider,P-0023
credentialing,CRD-0061,provider,P-0024
credentialing,CRD-0827,provider,P-0025
credentialing,CRD-0721,provider,P-0026
credentialing,CRD-0378,provider,P-0027
credentialing,CRD-0483,provider,P-0028
credentialing,CRD-0144,provider,P-0029
credentialing,CRD-0335,provider,P-0030
credentialing,CRD-0523,provider,P-0031
credentialing,CRD-0311,provider,P-0032
credentialing,CRD-0356,provider,P-0033
credentialing,CRD-0386,provider,P-0034
credentialing,CRD-0568,provider,P-0035
credentialing,CRD-0517,provider,P-0036
credentialing,CRD-0772,provider,P-0037
credentialing,CRD-0649,provider,P-0038
credentialing,CRD-0085,provider,P-0039
credentialing,CRD-0081,provider,P-0040
credentialing,CRD-0013,provider,P-0041
credentialing,CRD-0044,provider,P-0042
credentialing,CRD-0630,provider,P-0043
credentialing,CRD-0953,provider,P-0044
credentialing,CRD-0274,provider,P-0045
credentialing,CRD-0207,provider,P-0046
credentialing,CRD-0275,provider,P-0047
credentialing,CRD-0514,provider,P-0048
credentialing,CRD-0532,provider,P-0049
credentialing,CRD-0134,provider,P-0050
credentialing,CRD-0591,provider,P-0051
credentialing,CRD-0104,provider,P-0052
credentialing,CRD-0642,provider,P-0053
credentialing,CRD-0113,provider,P-0054
credentialing,CRD-0050,provider,P-0055
credentialing,CRD-0310,provider,P-0056
credentialing,CRD-0565,provider,P-0057
credentialing,CRD-0888,provider,P-0058
credentialing,CRD-0055,provider,P-0059
credentialing,CRD-0560,provider,P-0060
credentialing,CRD-0251,provider,P-0061
credentialing,CRD-0619,provider,P-0062
credentialing,CRD-0669,provider,P-0063
credentialing,CRD-0433,provider,P-0064
credentialing,CRD-0456,provider,P-0065
credentialing,CRD-0078,provider,P-0066
credentialing,CRD-0175,provider,P-0067
credentialing,CRD-0809,provider,P-0068
credentialing,CRD-0258,provider,P-0069
credentialing,CRD-0334,provider,P-0070
credentialing,CRD-0924,provider,P-0071
credentialing,CRD-0648,provider,P-0072
credentialing,CRD-0503,provider,P-0073
credentialing,CRD-0916,provider,P-0074
credentialing,CRD-0612,provider,P-0075
credentialing,CRD-0682,provider,P-0076
credentialing,CRD-0041,provider,P-0077
credentialing,CRD-0593,provider,P-0078
credentialing,CRD-0609,provider,P-0079
credentialing,CRD-0039,provider,P-0080
credentialing,CRD-0468,provider,P-0081
credentialing,CRD-0112,provider,P-0082
credentialing,CRD-0022,provider,P-0083
credentialing,CRD-0956,provider,P-0084
credentialing,CRD-0652,provider,P-0085
credentialing,CRD-0253,provider,P-0086
credentialing,CRD-0617,provider,P-0087
credentialing,CRD-0522,provider,P-0088
credentialing,CRD-0659,provider,P-0089
credentialing,CRD-0374,provider,P-0090
credentialing,CRD-0316,provider,P-0091
credentialing,CRD-0171,provider,P-0092
credentialing,CRD-0654,provider,P-0093
credentialing,CRD-0535,provider,P-0094
credentialing,CRD-0942,provider,P-0095
credentialing,CRD-0325,provider,P-0096
credentialing,CRD-0195,provider,P-0097
credentialing,CRD-0605,provider,P-0098
credentialing,CRD-0818,provider,P-0099
credentialing,CRD-0559,provider,P-0100
credentialing,CRD-0575,provider,P-0101
credentialing,CRD-0312,provider,P-0102
credentialing,CRD-0429,provider,P-0103
credentialing,CRD-0487,provider,P-0104
credentialing,CRD-0065,provider,P-0105
credentialing,CRD-0584,provider,P-0106
credentialing,CRD-0708,provider,P-0107
credentialing,CRD-0913,provider,P-0108
credentialing,CRD-0110,provider,P-0109
credentialing,CRD-0877,provider,P-0110
credentialing,CRD-0912,provider,P-0111
credentialing,CRD-0147,provider,P-0112
credentialing,CRD-0779,provider,P-0113
credentialing,CRD-0384,provider,P-0114
credentialing,CRD-0307,provider,P-0115
credentialing,CRD-0828,provider,P-0116
credentialing,CRD-0120,provider,P-0117
credentialing,CRD-0192,provider,P-0118
credentialing,CRD-0067,provider,P-0119
credentialing,CRD-0637,provider,P-0120
credentialing,CRD-0563,provider,P-0121
credentialing,CRD-0733,provider,P-0122
credentialing,CRD-0870,provider,P-0123
credentialing,CRD-0420,provider,P-0124
credentialing,CRD-0459,provider,P-0125
credentialing,CRD-0798,provider,P-0126
credentialing,CRD-0500,provider,P-0127
credentialing,CRD-0910,provider,P-0128
credentialing,CRD-0538,provider,P-0129
credentialing,CRD-0849,provider,P-0130
credentialing,CRD-0368,provider,P-0131
credentialing,CRD-0484,provider,P-0132
credentialing,CRD-0205,provider,P-0133
credentialing,CRD-0946,provider,P-0134
credentialing,CRD-0726,provider,P-0135
credentialing,CRD-0109,provider,P-0136
credentialing,CRD-0232,provider,P-0137
credentialing,CRD-0406,provider,P-0138
credentialing,CRD-0161,provider,P-0139
credentialing,CRD-0288,provider,P-0140
credentialing,CRD-0694,provider,P-0141
credentialing,CRD-0570,provider,P-0142
credentialing,CRD-0206,provider,P-0143
credentialing,CRD-0742,provider,P-0144
credentialing,CRD-0119,provider,P-0145
credentialing,CRD-0922,provider,P-0146
credentialing,CRD-0332,provider,P-0147
credentialing,CRD-0006,provider,P-0148
credentialing,CRD-0080,provider,P-0149
credentialing,CRD-0533,provider,P-0150
credentialing,CRD-0656,provider,P-0151
credentialing,CRD-0774,provider,P-0152
credentialing,CRD-0743,provider,P-0153
credentialing,CRD-0737,provider,P-0154
credentialing,CRD-0826,provider,P-0155
credentialing,CRD-0212,provider,P-0156
credentialing,CRD-0007,provider,P-0157
credentialing,CRD-0235,provider,P-0158
credentialing,CRD-0552,provider,P-0159
credentialing,CRD-0927,provider,P-0160
analytics_lake,2140703499,provider,P-0001
analytics_lake,2296592340,provider,P-0002
analytics_lake,2062607876,provider,P-0003
analytics_lake,1317087603,provider,P-0004
analytics_lake,2094097054,provider,P-0005
analytics_lake,2259959965,provider,P-0006
analytics_lake,2298334774,provider,P-0007
analytics_lake,1176619124,provider,P-0008
analytics_lake,1238503712,provider,P-0009
analytics_lake,2266821711,provider,P-0010
analytics_lake,1753745847,provider,P-0011
analytics_lake,2706670330,provider,P-0012
analytics_lake,2267320440,provider,P-0013
analytics_lake,2232290314,provider,P-0014
analytics_lake,2657490258,provider,P-0015
analytics_lake,2439435357,provider,P-0016
analytics_lake,1973270212,provider,P-0017
analytics_lake,2229812096,provider,P-0018
analytics_lake,1447732441,provider,P-0019
analytics_lake,1241513153,provider,P-0020
analytics_lake,2178932069,provider,P-0021
analytics_lake,2277963049,provider,P-0022
analytics_lake,1615581083,provider,P-0023
analytics_lake,1118600893,provider,P-0024
analytics_lake,1637579149,provider,P-0025
analytics_lake,2881161626,provider,P-0026
analytics_lake,2894773524,provider,P-0027
analytics_lake,1192134249,provider,P-0028
analytics_lake,2819324262,provider,P-0029
analytics_lake,1940476041,provider,P-0030
analytics_lake,1552958062,provider,P-0031
analytics_lake,1203571348,provider,P-0032
analytics_lake,2543588414,provider,P-0033
analytics_lake,2996673457,provider,P-0034
analytics_lake,2627023247,provider,P-0035
analytics_lake,2790392353,provider,P-0036
analytics_lake,1252986702,provider,P-0037
analytics_lake,1177509548,provider,P-0038
analytics_lake,2015502919,provider,P-0039
analytics_lake,1630624470,provider,P-0040
analytics_lake,2138544574,provider,P-0041
analytics_lake,2551588868,provider,P-0042
analytics_lake,2150968834,provider,P-0043
analytics_lake,2616481984,provider,P-0044
analytics_lake,2345475745,provider,P-0045
analytics_lake,2792529853,provider,P-0046
analytics_lake,1615814880,provider,P-0047
analytics_lake,1731893974,provider,P-0048
analytics_lake,2722164177,provider,P-0049
analytics_lake,1455574693,provider,P-0050
analytics_lake,2067349961,provider,P-0051
analytics_lake,2573257377,provider,P-0052
analytics_lake,1979316472,provider,P-0053
analytics_lake,2210890283,provider,P-0054
analytics_lake,1231795562,provider,P-0055
analytics_lake,1902822703,provider,P-0056
analytics_lake,1105316115,provider,P-0057
analytics_lake,1334245796,provider,P-0058
analytics_lake,2524578715,provider,P-0059
analytics_lake,2892988082,provider,P-0060
analytics_lake,1723626697,provider,P-0061
analytics_lake,2417692748,provider,P-0062
analytics_lake,2986091918,provider,P-0063
analytics_lake,2534705746,provider,P-0064
analytics_lake,2882691316,provider,P-0065
analytics_lake,2688936287,provider,P-0066
analytics_lake,1749079772,provider,P-0067
analytics_lake,2090591191,provider,P-0068
analytics_lake,1515718405,provider,P-0069
analytics_lake,1908144151,provider,P-0070
analytics_lake,2899886834,provider,P-0071
analytics_lake,1463580682,provider,P-0072
analytics_lake,1939469437,provider,P-0073
analytics_lake,2941163182,provider,P-0074
analytics_lake,1066248133,provider,P-0075
analytics_lake,1098107968,provider,P-0076
analytics_lake,1666777671,provider,P-0077
analytics_lake,2862703693,provider,P-0078
analytics_lake,2159597758,provider,P-0079
analytics_lake,2515122945,provider,P-0080
analytics_lake,1290904634,provider,P-0081
analytics_lake,1100591290,provider,P-0082
analytics_lake,1123428934,provider,P-0083
analytics_lake,2015959192,provider,P-0084
analytics_lake,2506229238,provider,P-0085
analytics_lake,2496919285,provider,P-0086
analytics_lake,2058162951,provider,P-0087
analytics_lake,1403884368,provider,P-0088
analytics_lake,2806562593,provider,P-0089
analytics_lake,2214330807,provider,P-0090
analytics_lake,1809448586,provider,P-0091
analytics_lake,1804032534,provider,P-0092
analytics_lake,1142473101,provider,P-0093
analytics_lake,2043370099,provider,P-0094
analytics_lake,2194255776,provider,P-0095
analytics_lake,2868639560,provider,P-0096
analytics_lake,1945653461,provider,P-0097
analytics_lake,2653970543,provider,P-0098
analytics_lake,1626042356,provider,P-0099
analytics_lake,1102192378,provider,P-0100
analytics_lake,1228217810,provider,P-0101
analytics_lake,2169061811,provider,P-0102
analytics_lake,2498355397,provider,P-0103
analytics_lake,1674978527,provider,P-0104
analytics_lake,2216309007,provider,P-0105
analytics_lake,1234103467,provider,P-0106
analytics_lake,1436970937,provider,P-0107
analytics_lake,1418472423,provider,P-0108
analytics_lake,2808806220,provider,P-0109
analytics_lake,2486287206,provider,P-0110
analytics_lake,1145057661,provider,P-0111
analytics_lake,1898126572,provider,P-0112
analytics_lake,2595749880,provider,P-0113
analytics_lake,2695413296,provider,P-0114
analytics_lake,1867120077,provider,P-0115
analytics_lake,2281793408,provider,P-0116
analytics_lake,1894370521,provider,P-0117
analytics_lake,2432600551,provider,P-0118
analytics_lake,1767993599,provider,P-0119
analytics_lake,1884136858,provider,P-0120
analytics_lake,1142175185,provider,P-0121
analytics_lake,2323979130,provider,P-0122
analytics_lake,2348640105,provider,P-0123
analytics_lake,1448818983,provider,P-0124
analytics_lake,1283608499,provider,P-0125
analytics_lake,1301623413,provider,P-0126
analytics_lake,2200784363,provider,P-0127
analytics_lake,2601913447,provider,P-0128
analytics_lake,2736801194,provider,P-0129
analytics_lake,1748207366,provider,P-0130
analytics_lake,1546212766,provider,P-0131
analytics_lake,2454930365,provider,P-0132
analytics_lake,2732318292,provider,P-0133
analytics_lake,1556184442,provider,P-0134
analytics_lake,1362483558,provider,P-0135
analytics_lake,1442877381,provider,P-0136
analytics_lake,1554026355,provider,P-0137
analytics_lake,1433335381,provider,P-0138
analytics_lake,2561786882,provider,P-0139
analytics_lake,1491189415,provider,P-0140
analytics_lake,2376660819,provider,P-0141
analytics_lake,1938440132,provider,P-0142
analytics_lake,1699969964,provider,P-0143
analytics_lake,1872617604,provider,P-0144
analytics_lake,2826418693,provider,P-0145
analytics_lake,1086966102,provider,P-0146
analytics_lake,2779462078,provider,P-0147
analytics_lake,2817032115,provider,P-0148
analytics_lake,1373416787,provider,P-0149
analytics_lake,1856053974,provider,P-0150
analytics_lake,1469218212,provider,P-0151
analytics_lake,1495988119,provider,P-0152
analytics_lake,2872258936,provider,P-0153
analytics_lake,1259423287,provider,P-0154
analytics_lake,2550784682,provider,P-0155
analytics_lake,1259367815,provider,P-0156
analytics_lake,2866059860,provider,P-0157
analytics_lake,2539313215,provider,P-0158
analytics_lake,1258254311,provider,P-0159
analytics_lake,1577545845,provider,P-0160
finance_mart,25-0892435,provider,P-0001
finance_mart,27-6984561,provider,P-0002
finance_mart,16-1420343,provider,P-0003
finance_mart,25-5031885,provider,P-0004
finance_mart,27-7850178,provider,P-0005
finance_mart,18-0753785,provider,P-0006
finance_mart,96-4799782,provider,P-0007
finance_mart,76-5003418,provider,P-0008
finance_mart,82-0593277,provider,P-0009
finance_mart,88-6169127,provider,P-0010
finance_mart,93-4097093,provider,P-0011
finance_mart,58-3094168,provider,P-0012
finance_mart,20-4193173,provider,P-0013
finance_mart,93-0645952,provider,P-0014
finance_mart,15-4880032,provider,P-0015
finance_mart,39-7647410,provider,P-0016
finance_mart,63-4418718,provider,P-0017
finance_mart,85-6205454,provider,P-0018
finance_mart,87-1780388,provider,P-0019
finance_mart,30-8507058,provider,P-0020
finance_mart,98-4413646,provider,P-0021
finance_mart,44-8514225,provider,P-0022
finance_mart,36-6074992,provider,P-0023
finance_mart,29-1603174,provider,P-0024
finance_mart,52-2412081,provider,P-0025
finance_mart,11-2719471,provider,P-0026
finance_mart,31-8797610,provider,P-0027
finance_mart,82-1716680,provider,P-0028
finance_mart,81-7409604,provider,P-0029
finance_mart,45-0960109,provider,P-0030
finance_mart,63-1031520,provider,P-0031
finance_mart,97-3205892,provider,P-0032
finance_mart,75-3535328,provider,P-0033
finance_mart,86-5668656,provider,P-0034
finance_mart,49-1348473,provider,P-0035
finance_mart,56-5701752,provider,P-0036
finance_mart,72-6739464,provider,P-0037
finance_mart,64-5661668,provider,P-0038
finance_mart,58-8600542,provider,P-0039
finance_mart,86-5337828,provider,P-0040
finance_mart,96-7841337,provider,P-0041
finance_mart,38-6777424,provider,P-0042
finance_mart,30-7680087,provider,P-0043
finance_mart,13-7357163,provider,P-0044
finance_mart,82-4618750,provider,P-0045
finance_mart,76-6280761,provider,P-0046
finance_mart,78-1332904,provider,P-0047
finance_mart,48-9551760,provider,P-0048
finance_mart,53-9036042,provider,P-0049
finance_mart,60-6998173,provider,P-0050
finance_mart,17-1701879,provider,P-0051
finance_mart,56-5587015,provider,P-0052
finance_mart,67-2553581,provider,P-0053
finance_mart,54-1162105,provider,P-0054
finance_mart,34-3528709,provider,P-0055
finance_mart,17-3520289,provider,P-0056
finance_mart,70-7791898,provider,P-0057
finance_mart,76-8672216,provider,P-0058
finance_mart,95-5744099,provider,P-0059
finance_mart,56-9050590,provider,P-0060
finance_mart,34-4170367,provider,P-0061
finance_mart,38-8771788,provider,P-0062
finance_mart,83-1592385,provider,P-0063
finance_mart,30-3512830,provider,P-0064
finance_mart,21-6788683,provider,P-0065
finance_mart,84-6704457,provider,P-0066
finance_mart,85-7317957,provider,P-0067
finance_mart,18-8888098,provider,P-0068
finance_mart,87-1021747,provider,P-0069
finance_mart,97-3026890,provider,P-0070
finance_mart,46-5374017,provider,P-0071
finance_mart,77-2991211,provider,P-0072
finance_mart,93-4573719,provider,P-0073
finance_mart,73-3368666,provider,P-0074
finance_mart,33-3260468,provider,P-0075
finance_mart,46-6488875,provider,P-0076
finance_mart,56-5667365,provider,P-0077
finance_mart,95-2891398,provider,P-0078
finance_mart,32-4861048,provider,P-0079
finance_mart,96-6603776,provider,P-0080
finance_mart,70-6375626,provider,P-0081
finance_mart,90-7730320,provider,P-0082
finance_mart,99-2080547,provider,P-0083
finance_mart,43-5353005,provider,P-0084
finance_mart,22-0274967,provider,P-0085
finance_mart,46-5722662,provider,P-0086
finance_mart,20-8879099,provider,P-0087
finance_mart,64-0183106,provider,P-0088
finance_mart,14-4746424,provider,P-0089
finance_mart,16-3783595,provider,P-0090
finance_mart,59-2682061,provider,P-0091
finance_mart,73-6519151,provider,P-0092
finance_mart,70-2928988,provider,P-0093
finance_mart,65-9377530,provider,P-0094
finance_mart,79-2756096,provider,P-0095
finance_mart,98-1785542,provider,P-0096
finance_mart,89-9893369,provider,P-0097
finance_mart,80-7569862,provider,P-0098
finance_mart,97-9790676,provider,P-0099
finance_mart,94-9158999,provider,P-0100
finance_mart,82-2763756,provider,P-0101
finance_mart,28-0670225,provider,P-0102
finance_mart,34-5847081,provider,P-0103
finance_mart,42-1208802,provider,P-0104
finance_mart,24-5664086,provider,P-0105
finance_mart,84-6487804,provider,P-0106
finance_mart,92-1085401,provider,P-0107
finance_mart,65-4672680,provider,P-0108
finance_mart,16-7869636,provider,P-0109
finance_mart,36-1231734,provider,P-0110
finance_mart,19-4931680,provider,P-0111
finance_mart,91-4481292,provider,P-0112
finance_mart,52-5478315,provider,P-0113
finance_mart,71-1112674,provider,P-0114
finance_mart,32-0548357,provider,P-0115
finance_mart,60-5681731,provider,P-0116
finance_mart,60-3212645,provider,P-0117
finance_mart,88-6258302,provider,P-0118
finance_mart,38-7537522,provider,P-0119
finance_mart,32-9144643,provider,P-0120
finance_mart,78-7806392,provider,P-0121
finance_mart,94-8294239,provider,P-0122
finance_mart,48-2297127,provider,P-0123
finance_mart,48-9267176,provider,P-0124
finance_mart,34-8265342,provider,P-0125
finance_mart,83-0047272,provider,P-0126
finance_mart,24-4818583,provider,P-0127
finance_mart,41-9327431,provider,P-0128
finance_mart,27-3880644,provider,P-0129
finance_mart,52-1679291,provider,P-0130
finance_mart,10-2875197,provider,P-0131
finance_mart,47-6300282,provider,P-0132
finance_mart,66-1198484,provider,P-0133
finance_mart,30-1426741,provider,P-0134
finance_mart,94-0822048,provider,P-0135
finance_mart,34-6343262,provider,P-0136
finance_mart,53-9117900,provider,P-0137
finance_mart,42-9850265,provider,P-0138
finance_mart,11-0179045,provider,P-0139
finance_mart,79-4903032,provider,P-0140
finance_mart,24-2160678,provider,P-0141
finance_mart,48-9303481,provider,P-0142
finance_mart,94-4972962,provider,P-0143
finance_mart,92-7415350,provider,P-0144
finance_mart,58-5783398,provider,P-0145
finance_mart,24-6495927,provider,P-0146
finance_mart,27-6764896,provider,P-0147
finance_mart,87-2741108,provider,P-0148
finance_mart,23-2378560,provider,P-0149
finance_mart,12-8268249,provider,P-0150
finance_mart,83-2327739,provider,P-0151
finance_mart,46-5817992,provider,P-0152
finance_mart,73-0640552,provider,P-0153
finance_mart,83-4517306,provider,P-0154
finance_mart,51-0262268,provider,P-0155
finance_mart,40-7151289,provider,P-0156
finance_mart,67-9041491,provider,P-0157
finance_mart,51-5324701,provider,P-0158
finance_mart,77-3664792,provider,P-0159
finance_mart,71-2276108,provider,P-0160
